REPO, SHA, CONFIG_PARAMETER, TEST_NAME, VALUE, TYPE(GOOD|BAD), EXPECTATION(PASS|FAIL)
https://github.com/apache/kylin, 63f9ac6bcd0db005f10935d88747d39fc0819ab7, kylin.metadata.url, org.apache.kylin.common.persistence.ResourceToolTest#testCopy, obviously-bad-value, BAD, PASS
https://github.com/apache/kylin, 63f9ac6bcd0db005f10935d88747d39fc0819ab7, kylin.metadata.url, org.apache.kylin.common.persistence.ResourceToolTest#testCopy, kylin_metadata@hbase, GOOD, PASS
https://github.com/apache/kylin, 63f9ac6bcd0db005f10935d88747d39fc0819ab7, kylin.metadata.url, org.apache.kylin.common.util.SourceConfigurationUtilTest#testHiveConf, obviously-bad-value, BAD, PASS
https://github.com/apache/kylin, 63f9ac6bcd0db005f10935d88747d39fc0819ab7, kylin.metadata.url, org.apache.kylin.common.util.SourceConfigurationUtilTest#testHiveConf, kylin_metadata@hbase, GOOD, PASS
https://github.com/apache/kylin, 63f9ac6bcd0db005f10935d88747d39fc0819ab7, kylin.metadata.url, org.apache.kylin.common.KylinConfigTest#testCreateInstanceFromUriThrowsRuntimeException, obviously-bad-value, BAD, PASS
https://github.com/apache/kylin, 63f9ac6bcd0db005f10935d88747d39fc0819ab7, kylin.metadata.url, org.apache.kylin.common.KylinConfigTest#testCreateInstanceFromUriThrowsRuntimeException, kylin_metadata@hbase, GOOD, PASS
https://github.com/apache/kylin, 63f9ac6bcd0db005f10935d88747d39fc0819ab7, kylin.metadata.url, org.apache.kylin.common.persistence.HDFSResourceStoreTest#testListResourcesImpl, obviously-bad-value, BAD, PASS
https://github.com/apache/kylin, 63f9ac6bcd0db005f10935d88747d39fc0819ab7, kylin.metadata.url, org.apache.kylin.common.persistence.HDFSResourceStoreTest#testListResourcesImpl, kylin_metadata@hbase, GOOD, PASS
https://github.com/apache/kylin, 63f9ac6bcd0db005f10935d88747d39fc0819ab7, kylin.metadata.url, org.apache.kylin.common.KylinConfigTest#testPropertiesHotLoad, obviously-bad-value, BAD, PASS
https://github.com/apache/kylin, 63f9ac6bcd0db005f10935d88747d39fc0819ab7, kylin.metadata.url, org.apache.kylin.common.KylinConfigTest#testPropertiesHotLoad, kylin_metadata@hbase, GOOD, PASS
https://github.com/apache/kylin, 63f9ac6bcd0db005f10935d88747d39fc0819ab7, kylin.metadata.url, org.apache.kylin.common.KylinConfigTest#testCalciteExtrasProperties, obviously-bad-value, BAD, PASS
https://github.com/apache/kylin, 63f9ac6bcd0db005f10935d88747d39fc0819ab7, kylin.metadata.url, org.apache.kylin.common.KylinConfigTest#testCalciteExtrasProperties, kylin_metadata@hbase, GOOD, PASS
https://github.com/apache/kylin, 63f9ac6bcd0db005f10935d88747d39fc0819ab7, kylin.metadata.url, org.apache.kylin.common.zookeeper.KylinServerDiscoveryTest#test, obviously-bad-value, BAD, PASS
https://github.com/apache/kylin, 63f9ac6bcd0db005f10935d88747d39fc0819ab7, kylin.metadata.url, org.apache.kylin.common.zookeeper.KylinServerDiscoveryTest#test, kylin_metadata@hbase, GOOD, PASS
https://github.com/apache/kylin, 63f9ac6bcd0db005f10935d88747d39fc0819ab7, kylin.metadata.url, org.apache.kylin.common.KylinConfigTest#testExtShareTheBase, obviously-bad-value, BAD, PASS
https://github.com/apache/kylin, 63f9ac6bcd0db005f10935d88747d39fc0819ab7, kylin.metadata.url, org.apache.kylin.common.KylinConfigTest#testExtShareTheBase, kylin_metadata@hbase, GOOD, PASS
https://github.com/apache/kylin, 63f9ac6bcd0db005f10935d88747d39fc0819ab7, kylin.metadata.url, org.apache.kylin.common.persistence.LocalFileResourceStoreTest#testFileStore, obviously-bad-value, BAD, PASS
https://github.com/apache/kylin, 63f9ac6bcd0db005f10935d88747d39fc0819ab7, kylin.metadata.url, org.apache.kylin.common.persistence.LocalFileResourceStoreTest#testFileStore, kylin_metadata@hbase, GOOD, PASS
https://github.com/apache/kylin, 63f9ac6bcd0db005f10935d88747d39fc0819ab7, kylin.metadata.url, org.apache.kylin.common.util.SSHClientTest#testCmd, obviously-bad-value, BAD, PASS
https://github.com/apache/kylin, 63f9ac6bcd0db005f10935d88747d39fc0819ab7, kylin.metadata.url, org.apache.kylin.common.util.SSHClientTest#testCmd, kylin_metadata@hbase, GOOD, PASS
https://github.com/apache/kylin, 63f9ac6bcd0db005f10935d88747d39fc0819ab7, kylin.metadata.url, org.apache.kylin.common.KylinConfigTest#testHdfsWorkingDir, obviously-bad-value, BAD, PASS
https://github.com/apache/kylin, 63f9ac6bcd0db005f10935d88747d39fc0819ab7, kylin.metadata.url, org.apache.kylin.common.KylinConfigTest#testHdfsWorkingDir, kylin_metadata@hbase, GOOD, PASS
https://github.com/apache/kylin, 63f9ac6bcd0db005f10935d88747d39fc0819ab7, kylin.metadata.url, org.apache.kylin.common.restclient.RestClientTest#basicTests, obviously-bad-value, BAD, PASS
https://github.com/apache/kylin, 63f9ac6bcd0db005f10935d88747d39fc0819ab7, kylin.metadata.url, org.apache.kylin.common.restclient.RestClientTest#basicTests, kylin_metadata@hbase, GOOD, PASS
https://github.com/apache/kylin, 63f9ac6bcd0db005f10935d88747d39fc0819ab7, kylin.metadata.url, org.apache.kylin.common.util.EncryptUtilTest#testNullInput, obviously-bad-value, BAD, PASS
https://github.com/apache/kylin, 63f9ac6bcd0db005f10935d88747d39fc0819ab7, kylin.metadata.url, org.apache.kylin.common.util.EncryptUtilTest#testNullInput, kylin_metadata@hbase, GOOD, PASS
https://github.com/apache/kylin, 63f9ac6bcd0db005f10935d88747d39fc0819ab7, kylin.metadata.url, org.apache.kylin.common.KylinConfigTest#testBackwardCompatibility, obviously-bad-value, BAD, PASS
https://github.com/apache/kylin, 63f9ac6bcd0db005f10935d88747d39fc0819ab7, kylin.metadata.url, org.apache.kylin.common.KylinConfigTest#testBackwardCompatibility, kylin_metadata@hbase, GOOD, PASS
https://github.com/apache/kylin, 63f9ac6bcd0db005f10935d88747d39fc0819ab7, kylin.metadata.url, org.apache.kylin.common.persistence.LocalFileResourceStoreTest#testRollback, obviously-bad-value, BAD, PASS
https://github.com/apache/kylin, 63f9ac6bcd0db005f10935d88747d39fc0819ab7, kylin.metadata.url, org.apache.kylin.common.persistence.LocalFileResourceStoreTest#testRollback, kylin_metadata@hbase, GOOD, PASS
https://github.com/apache/kylin, 63f9ac6bcd0db005f10935d88747d39fc0819ab7, kylin.metadata.url, org.apache.kylin.common.KylinConfigTest#testMRConfigOverride, obviously-bad-value, BAD, PASS
https://github.com/apache/kylin, 63f9ac6bcd0db005f10935d88747d39fc0819ab7, kylin.metadata.url, org.apache.kylin.common.KylinConfigTest#testMRConfigOverride, kylin_metadata@hbase, GOOD, PASS
https://github.com/apache/kylin, 63f9ac6bcd0db005f10935d88747d39fc0819ab7, kylin.metadata.url, org.apache.kylin.common.KylinConfigTest#testUnexpectedBlackInPro, obviously-bad-value, BAD, PASS
https://github.com/apache/kylin, 63f9ac6bcd0db005f10935d88747d39fc0819ab7, kylin.metadata.url, org.apache.kylin.common.KylinConfigTest#testUnexpectedBlackInPro, kylin_metadata@hbase, GOOD, PASS
https://github.com/apache/kylin, 63f9ac6bcd0db005f10935d88747d39fc0819ab7, kylin.metadata.url, org.apache.kylin.common.KylinConfigTest#testSetKylinConfigInEnvIfMissingTakingEmptyProperties, obviously-bad-value, BAD, PASS
https://github.com/apache/kylin, 63f9ac6bcd0db005f10935d88747d39fc0819ab7, kylin.metadata.url, org.apache.kylin.common.KylinConfigTest#testSetKylinConfigInEnvIfMissingTakingEmptyProperties, kylin_metadata@hbase, GOOD, PASS
https://github.com/apache/kylin, 63f9ac6bcd0db005f10935d88747d39fc0819ab7, kylin.metadata.url, org.apache.kylin.common.KylinConfigTest#testCreateInstanceFromUriThrowsIllegalStateExceptionOne, obviously-bad-value, BAD, PASS
https://github.com/apache/kylin, 63f9ac6bcd0db005f10935d88747d39fc0819ab7, kylin.metadata.url, org.apache.kylin.common.KylinConfigTest#testCreateInstanceFromUriThrowsIllegalStateExceptionOne, kylin_metadata@hbase, GOOD, PASS
https://github.com/apache/kylin, 63f9ac6bcd0db005f10935d88747d39fc0819ab7, kylin.metadata.url, org.apache.kylin.common.util.SSHClientTest#testScp, obviously-bad-value, BAD, PASS
https://github.com/apache/kylin, 63f9ac6bcd0db005f10935d88747d39fc0819ab7, kylin.metadata.url, org.apache.kylin.common.util.SSHClientTest#testScp, kylin_metadata@hbase, GOOD, PASS
https://github.com/apache/kylin, 63f9ac6bcd0db005f10935d88747d39fc0819ab7, kylin.metadata.url, org.apache.kylin.common.KylinConfigTest#testThreadLocalOverride, obviously-bad-value, BAD, PASS
https://github.com/apache/kylin, 63f9ac6bcd0db005f10935d88747d39fc0819ab7, kylin.metadata.url, org.apache.kylin.common.KylinConfigTest#testThreadLocalOverride, kylin_metadata@hbase, GOOD, PASS
https://github.com/apache/kylin, 63f9ac6bcd0db005f10935d88747d39fc0819ab7, kylin.metadata.url, org.apache.kylin.common.KylinConfigTest#testGetMetadataUrlPrefix, obviously-bad-value, BAD, PASS
https://github.com/apache/kylin, 63f9ac6bcd0db005f10935d88747d39fc0819ab7, kylin.metadata.url, org.apache.kylin.common.KylinConfigTest#testGetMetadataUrlPrefix, kylin_metadata@hbase, GOOD, PASS
https://github.com/apache/kylin, 63f9ac6bcd0db005f10935d88747d39fc0819ab7, kylin.resourcestore.reconnect-base-ms, org.apache.kylin.common.persistence.ResourceToolTest#testCopy, 0, GOOD, PASS
https://github.com/apache/kylin, 63f9ac6bcd0db005f10935d88747d39fc0819ab7, kylin.resourcestore.reconnect-base-ms, org.apache.kylin.common.persistence.ResourceToolTest#testCopy, 1000, GOOD, PASS
https://github.com/apache/kylin, 63f9ac6bcd0db005f10935d88747d39fc0819ab7, kylin.resourcestore.reconnect-base-ms, org.apache.kylin.common.persistence.ResourceToolTest#testCopy, 100, GOOD, PASS
https://github.com/apache/kylin, 63f9ac6bcd0db005f10935d88747d39fc0819ab7, kylin.resourcestore.reconnect-base-ms, org.apache.kylin.common.persistence.ResourceToolTest#testCopy, 0.1, GOOD, FAIL
https://github.com/apache/kylin, 63f9ac6bcd0db005f10935d88747d39fc0819ab7, kylin.resourcestore.reconnect-base-ms, org.apache.kylin.common.persistence.ResourceToolTest#testCopy, some-value, BAD, FAIL
https://github.com/apache/kylin, 63f9ac6bcd0db005f10935d88747d39fc0819ab7, kylin.resourcestore.reconnect-base-ms, org.apache.kylin.common.persistence.ResourceToolTest#testCopy, -300, BAD, PASS
https://github.com/apache/kylin, 63f9ac6bcd0db005f10935d88747d39fc0819ab7, kylin.resourcestore.reconnect-base-ms, org.apache.kylin.common.persistence.ResourceToolTest#testCopy, 600000, GOOD, PASS
https://github.com/apache/kylin, 63f9ac6bcd0db005f10935d88747d39fc0819ab7, kylin.resourcestore.reconnect-base-ms, org.apache.kylin.common.persistence.LocalFileResourceStoreTest#testFileStore, 0, GOOD, PASS
https://github.com/apache/kylin, 63f9ac6bcd0db005f10935d88747d39fc0819ab7, kylin.resourcestore.reconnect-base-ms, org.apache.kylin.common.persistence.LocalFileResourceStoreTest#testFileStore, 1000, GOOD, PASS
https://github.com/apache/kylin, 63f9ac6bcd0db005f10935d88747d39fc0819ab7, kylin.resourcestore.reconnect-base-ms, org.apache.kylin.common.persistence.LocalFileResourceStoreTest#testFileStore, 100, GOOD, PASS
https://github.com/apache/kylin, 63f9ac6bcd0db005f10935d88747d39fc0819ab7, kylin.resourcestore.reconnect-base-ms, org.apache.kylin.common.persistence.LocalFileResourceStoreTest#testFileStore, 0.1, GOOD, FAIL
https://github.com/apache/kylin, 63f9ac6bcd0db005f10935d88747d39fc0819ab7, kylin.resourcestore.reconnect-base-ms, org.apache.kylin.common.persistence.LocalFileResourceStoreTest#testFileStore, some-value, BAD, FAIL
https://github.com/apache/kylin, 63f9ac6bcd0db005f10935d88747d39fc0819ab7, kylin.resourcestore.reconnect-base-ms, org.apache.kylin.common.persistence.LocalFileResourceStoreTest#testFileStore, -300, BAD, PASS
https://github.com/apache/kylin, 63f9ac6bcd0db005f10935d88747d39fc0819ab7, kylin.resourcestore.reconnect-base-ms, org.apache.kylin.common.persistence.LocalFileResourceStoreTest#testFileStore, 600000, GOOD, PASS
https://github.com/apache/kylin, 63f9ac6bcd0db005f10935d88747d39fc0819ab7, kylin.resourcestore.reconnect-base-ms, org.apache.kylin.common.persistence.LocalFileResourceStoreTest#testRollback, 0, GOOD, PASS
https://github.com/apache/kylin, 63f9ac6bcd0db005f10935d88747d39fc0819ab7, kylin.resourcestore.reconnect-base-ms, org.apache.kylin.common.persistence.LocalFileResourceStoreTest#testRollback, 1000, GOOD, PASS
https://github.com/apache/kylin, 63f9ac6bcd0db005f10935d88747d39fc0819ab7, kylin.resourcestore.reconnect-base-ms, org.apache.kylin.common.persistence.LocalFileResourceStoreTest#testRollback, 100, GOOD, PASS
https://github.com/apache/kylin, 63f9ac6bcd0db005f10935d88747d39fc0819ab7, kylin.resourcestore.reconnect-base-ms, org.apache.kylin.common.persistence.LocalFileResourceStoreTest#testRollback, 0.1, GOOD, FAIL
https://github.com/apache/kylin, 63f9ac6bcd0db005f10935d88747d39fc0819ab7, kylin.resourcestore.reconnect-base-ms, org.apache.kylin.common.persistence.LocalFileResourceStoreTest#testRollback, some-value, BAD, FAIL
https://github.com/apache/kylin, 63f9ac6bcd0db005f10935d88747d39fc0819ab7, kylin.resourcestore.reconnect-base-ms, org.apache.kylin.common.persistence.LocalFileResourceStoreTest#testRollback, -300, BAD, PASS
https://github.com/apache/kylin, 63f9ac6bcd0db005f10935d88747d39fc0819ab7, kylin.resourcestore.reconnect-base-ms, org.apache.kylin.common.persistence.LocalFileResourceStoreTest#testRollback, 600000, GOOD, PASS
https://github.com/apache/kylin, 63f9ac6bcd0db005f10935d88747d39fc0819ab7, kylin.resourcestore.reconnect-max-ms, org.apache.kylin.common.persistence.ResourceToolTest#testCopy, 0, GOOD, PASS
https://github.com/apache/kylin, 63f9ac6bcd0db005f10935d88747d39fc0819ab7, kylin.resourcestore.reconnect-max-ms, org.apache.kylin.common.persistence.ResourceToolTest#testCopy, 100, GOOD, PASS
https://github.com/apache/kylin, 63f9ac6bcd0db005f10935d88747d39fc0819ab7, kylin.resourcestore.reconnect-max-ms, org.apache.kylin.common.persistence.ResourceToolTest#testCopy, 0.1, GOOD, FAIL
https://github.com/apache/kylin, 63f9ac6bcd0db005f10935d88747d39fc0819ab7, kylin.resourcestore.reconnect-max-ms, org.apache.kylin.common.persistence.ResourceToolTest#testCopy, some-value, BAD, FAIL
https://github.com/apache/kylin, 63f9ac6bcd0db005f10935d88747d39fc0819ab7, kylin.resourcestore.reconnect-max-ms, org.apache.kylin.common.persistence.ResourceToolTest#testCopy, -300, BAD, PASS
https://github.com/apache/kylin, 63f9ac6bcd0db005f10935d88747d39fc0819ab7, kylin.resourcestore.reconnect-max-ms, org.apache.kylin.common.persistence.ResourceToolTest#testCopy, 60000, GOOD, PASS
https://github.com/apache/kylin, 63f9ac6bcd0db005f10935d88747d39fc0819ab7, kylin.resourcestore.reconnect-max-ms, org.apache.kylin.common.persistence.ResourceToolTest#testCopy, 600000, GOOD, PASS
https://github.com/apache/kylin, 63f9ac6bcd0db005f10935d88747d39fc0819ab7, kylin.resourcestore.reconnect-max-ms, org.apache.kylin.common.persistence.LocalFileResourceStoreTest#testFileStore, 0, GOOD, PASS
https://github.com/apache/kylin, 63f9ac6bcd0db005f10935d88747d39fc0819ab7, kylin.resourcestore.reconnect-max-ms, org.apache.kylin.common.persistence.LocalFileResourceStoreTest#testFileStore, 100, GOOD, PASS
https://github.com/apache/kylin, 63f9ac6bcd0db005f10935d88747d39fc0819ab7, kylin.resourcestore.reconnect-max-ms, org.apache.kylin.common.persistence.LocalFileResourceStoreTest#testFileStore, 0.1, GOOD, FAIL
https://github.com/apache/kylin, 63f9ac6bcd0db005f10935d88747d39fc0819ab7, kylin.resourcestore.reconnect-max-ms, org.apache.kylin.common.persistence.LocalFileResourceStoreTest#testFileStore, some-value, BAD, FAIL
https://github.com/apache/kylin, 63f9ac6bcd0db005f10935d88747d39fc0819ab7, kylin.resourcestore.reconnect-max-ms, org.apache.kylin.common.persistence.LocalFileResourceStoreTest#testFileStore, -300, BAD, PASS
https://github.com/apache/kylin, 63f9ac6bcd0db005f10935d88747d39fc0819ab7, kylin.resourcestore.reconnect-max-ms, org.apache.kylin.common.persistence.LocalFileResourceStoreTest#testFileStore, 60000, GOOD, PASS
https://github.com/apache/kylin, 63f9ac6bcd0db005f10935d88747d39fc0819ab7, kylin.resourcestore.reconnect-max-ms, org.apache.kylin.common.persistence.LocalFileResourceStoreTest#testFileStore, 600000, GOOD, PASS
https://github.com/apache/kylin, 63f9ac6bcd0db005f10935d88747d39fc0819ab7, kylin.resourcestore.reconnect-max-ms, org.apache.kylin.common.persistence.LocalFileResourceStoreTest#testRollback, 0, GOOD, PASS
https://github.com/apache/kylin, 63f9ac6bcd0db005f10935d88747d39fc0819ab7, kylin.resourcestore.reconnect-max-ms, org.apache.kylin.common.persistence.LocalFileResourceStoreTest#testRollback, 100, GOOD, PASS
https://github.com/apache/kylin, 63f9ac6bcd0db005f10935d88747d39fc0819ab7, kylin.resourcestore.reconnect-max-ms, org.apache.kylin.common.persistence.LocalFileResourceStoreTest#testRollback, 0.1, GOOD, FAIL
https://github.com/apache/kylin, 63f9ac6bcd0db005f10935d88747d39fc0819ab7, kylin.resourcestore.reconnect-max-ms, org.apache.kylin.common.persistence.LocalFileResourceStoreTest#testRollback, some-value, BAD, FAIL
https://github.com/apache/kylin, 63f9ac6bcd0db005f10935d88747d39fc0819ab7, kylin.resourcestore.reconnect-max-ms, org.apache.kylin.common.persistence.LocalFileResourceStoreTest#testRollback, -300, BAD, PASS
https://github.com/apache/kylin, 63f9ac6bcd0db005f10935d88747d39fc0819ab7, kylin.resourcestore.reconnect-max-ms, org.apache.kylin.common.persistence.LocalFileResourceStoreTest#testRollback, 60000, GOOD, PASS
https://github.com/apache/kylin, 63f9ac6bcd0db005f10935d88747d39fc0819ab7, kylin.resourcestore.reconnect-max-ms, org.apache.kylin.common.persistence.LocalFileResourceStoreTest#testRollback, 600000, GOOD, PASS
https://github.com/apache/kylin, 63f9ac6bcd0db005f10935d88747d39fc0819ab7, kylin.restclient.connection.max-total, org.apache.kylin.common.KylinConfigTest#testCreateInstanceFromUriThrowsRuntimeException, 0, GOOD, PASS
https://github.com/apache/kylin, 63f9ac6bcd0db005f10935d88747d39fc0819ab7, kylin.restclient.connection.max-total, org.apache.kylin.common.KylinConfigTest#testCreateInstanceFromUriThrowsRuntimeException, 100, GOOD, PASS
https://github.com/apache/kylin, 63f9ac6bcd0db005f10935d88747d39fc0819ab7, kylin.restclient.connection.max-total, org.apache.kylin.common.KylinConfigTest#testCreateInstanceFromUriThrowsRuntimeException, 200, GOOD, PASS
https://github.com/apache/kylin, 63f9ac6bcd0db005f10935d88747d39fc0819ab7, kylin.restclient.connection.max-total, org.apache.kylin.common.KylinConfigTest#testCreateInstanceFromUriThrowsRuntimeException, 0.1, GOOD, PASS
https://github.com/apache/kylin, 63f9ac6bcd0db005f10935d88747d39fc0819ab7, kylin.restclient.connection.max-total, org.apache.kylin.common.KylinConfigTest#testCreateInstanceFromUriThrowsRuntimeException, some-value, BAD, PASS
https://github.com/apache/kylin, 63f9ac6bcd0db005f10935d88747d39fc0819ab7, kylin.restclient.connection.max-total, org.apache.kylin.common.KylinConfigTest#testCreateInstanceFromUriThrowsRuntimeException, -300, BAD, PASS
https://github.com/apache/kylin, 63f9ac6bcd0db005f10935d88747d39fc0819ab7, kylin.restclient.connection.max-total, org.apache.kylin.common.KylinConfigTest#testCreateInstanceFromUriThrowsRuntimeException, 600000, GOOD, PASS
https://github.com/apache/kylin, 63f9ac6bcd0db005f10935d88747d39fc0819ab7, kylin.restclient.connection.max-total, org.apache.kylin.common.restclient.RestClientTest#basicTests, 0, GOOD, FAIL
https://github.com/apache/kylin, 63f9ac6bcd0db005f10935d88747d39fc0819ab7, kylin.restclient.connection.max-total, org.apache.kylin.common.restclient.RestClientTest#basicTests, 100, GOOD, PASS
https://github.com/apache/kylin, 63f9ac6bcd0db005f10935d88747d39fc0819ab7, kylin.restclient.connection.max-total, org.apache.kylin.common.restclient.RestClientTest#basicTests, 200, GOOD, PASS
https://github.com/apache/kylin, 63f9ac6bcd0db005f10935d88747d39fc0819ab7, kylin.restclient.connection.max-total, org.apache.kylin.common.restclient.RestClientTest#basicTests, 0.1, GOOD, FAIL
https://github.com/apache/kylin, 63f9ac6bcd0db005f10935d88747d39fc0819ab7, kylin.restclient.connection.max-total, org.apache.kylin.common.restclient.RestClientTest#basicTests, some-value, BAD, FAIL
https://github.com/apache/kylin, 63f9ac6bcd0db005f10935d88747d39fc0819ab7, kylin.restclient.connection.max-total, org.apache.kylin.common.restclient.RestClientTest#basicTests, -300, BAD, FAIL
https://github.com/apache/kylin, 63f9ac6bcd0db005f10935d88747d39fc0819ab7, kylin.restclient.connection.max-total, org.apache.kylin.common.restclient.RestClientTest#basicTests, 600000, GOOD, PASS
https://github.com/apache/kylin, 63f9ac6bcd0db005f10935d88747d39fc0819ab7, kylin.restclient.connection.default-max-per-route, org.apache.kylin.common.KylinConfigTest#testCreateInstanceFromUriThrowsRuntimeException, 0, GOOD, PASS
https://github.com/apache/kylin, 63f9ac6bcd0db005f10935d88747d39fc0819ab7, kylin.restclient.connection.default-max-per-route, org.apache.kylin.common.KylinConfigTest#testCreateInstanceFromUriThrowsRuntimeException, 100, GOOD, PASS
https://github.com/apache/kylin, 63f9ac6bcd0db005f10935d88747d39fc0819ab7, kylin.restclient.connection.default-max-per-route, org.apache.kylin.common.KylinConfigTest#testCreateInstanceFromUriThrowsRuntimeException, 0.1, GOOD, PASS
https://github.com/apache/kylin, 63f9ac6bcd0db005f10935d88747d39fc0819ab7, kylin.restclient.connection.default-max-per-route, org.apache.kylin.common.KylinConfigTest#testCreateInstanceFromUriThrowsRuntimeException, some-value, BAD, PASS
https://github.com/apache/kylin, 63f9ac6bcd0db005f10935d88747d39fc0819ab7, kylin.restclient.connection.default-max-per-route, org.apache.kylin.common.KylinConfigTest#testCreateInstanceFromUriThrowsRuntimeException, -300, BAD, PASS
https://github.com/apache/kylin, 63f9ac6bcd0db005f10935d88747d39fc0819ab7, kylin.restclient.connection.default-max-per-route, org.apache.kylin.common.KylinConfigTest#testCreateInstanceFromUriThrowsRuntimeException, 20, GOOD, PASS
https://github.com/apache/kylin, 63f9ac6bcd0db005f10935d88747d39fc0819ab7, kylin.restclient.connection.default-max-per-route, org.apache.kylin.common.KylinConfigTest#testCreateInstanceFromUriThrowsRuntimeException, 600000, GOOD, PASS
https://github.com/apache/kylin, 63f9ac6bcd0db005f10935d88747d39fc0819ab7, kylin.restclient.connection.default-max-per-route, org.apache.kylin.common.restclient.RestClientTest#basicTests, 0, GOOD, FAIL
https://github.com/apache/kylin, 63f9ac6bcd0db005f10935d88747d39fc0819ab7, kylin.restclient.connection.default-max-per-route, org.apache.kylin.common.restclient.RestClientTest#basicTests, 100, GOOD, PASS
https://github.com/apache/kylin, 63f9ac6bcd0db005f10935d88747d39fc0819ab7, kylin.restclient.connection.default-max-per-route, org.apache.kylin.common.restclient.RestClientTest#basicTests, 0.1, GOOD, FAIL
https://github.com/apache/kylin, 63f9ac6bcd0db005f10935d88747d39fc0819ab7, kylin.restclient.connection.default-max-per-route, org.apache.kylin.common.restclient.RestClientTest#basicTests, some-value, BAD, FAIL
https://github.com/apache/kylin, 63f9ac6bcd0db005f10935d88747d39fc0819ab7, kylin.restclient.connection.default-max-per-route, org.apache.kylin.common.restclient.RestClientTest#basicTests, -300, BAD, FAIL
https://github.com/apache/kylin, 63f9ac6bcd0db005f10935d88747d39fc0819ab7, kylin.restclient.connection.default-max-per-route, org.apache.kylin.common.restclient.RestClientTest#basicTests, 20, GOOD, PASS
https://github.com/apache/kylin, 63f9ac6bcd0db005f10935d88747d39fc0819ab7, kylin.restclient.connection.default-max-per-route, org.apache.kylin.common.restclient.RestClientTest#basicTests, 600000, GOOD, PASS
https://github.com/apache/kylin, 63f9ac6bcd0db005f10935d88747d39fc0819ab7, kylin.storage.project-isolation-enable, org.apache.kylin.common.persistence.HDFSResourceStoreTest#testListResourcesImpl, true, GOOD, PASS
https://github.com/apache/kylin, 63f9ac6bcd0db005f10935d88747d39fc0819ab7, kylin.storage.project-isolation-enable, org.apache.kylin.common.persistence.HDFSResourceStoreTest#testListResourcesImpl, false, GOOD, PASS
https://github.com/apache/kylin, 63f9ac6bcd0db005f10935d88747d39fc0819ab7, kylin.storage.hbase.owner-tag, org.apache.kylin.common.KylinConfigTest#testPropertiesHotLoad, kylin@kylin.apache.org, GOOD, PASS
https://github.com/apache/kylin, 63f9ac6bcd0db005f10935d88747d39fc0819ab7, kylin.storage.hbase.owner-tag, org.apache.kylin.common.KylinConfigTest#testPropertiesHotLoad, whoami@kylin.apache.org, GOOD, PASS
https://github.com/apache/kylin, 63f9ac6bcd0db005f10935d88747d39fc0819ab7, kylin.query.calcite.extras-props.caseSensitive, org.apache.kylin.common.KylinConfigTest#testCalciteExtrasProperties, true, GOOD, PASS
https://github.com/apache/kylin, 63f9ac6bcd0db005f10935d88747d39fc0819ab7, kylin.query.calcite.extras-props.caseSensitive, org.apache.kylin.common.KylinConfigTest#testCalciteExtrasProperties, false, GOOD, FAIL
https://github.com/apache/kylin, 63f9ac6bcd0db005f10935d88747d39fc0819ab7, kylin.query.calcite.extras-props.quoting, org.apache.kylin.common.KylinConfigTest#testCalciteExtrasProperties, obviously-bad-value, BAD, FAIL
https://github.com/apache/kylin, 63f9ac6bcd0db005f10935d88747d39fc0819ab7, kylin.query.calcite.extras-props.quoting, org.apache.kylin.common.KylinConfigTest#testCalciteExtrasProperties, BRACKET, GOOD, FAIL
https://github.com/apache/kylin, 63f9ac6bcd0db005f10935d88747d39fc0819ab7, kylin.query.calcite.extras-props.quoting, org.apache.kylin.common.KylinConfigTest#testCalciteExtrasProperties, DOUBLE_QUOTE, GOOD, PASS
https://github.com/apache/kylin, 63f9ac6bcd0db005f10935d88747d39fc0819ab7, kylin.query.calcite.extras-props.quoting, org.apache.kylin.common.KylinConfigTest#testCalciteExtrasProperties, BACK_TICK, GOOD, FAIL
https://github.com/apache/kylin, 63f9ac6bcd0db005f10935d88747d39fc0819ab7, kylin.query.calcite.extras-props.unquotedCasing, org.apache.kylin.common.KylinConfigTest#testCalciteExtrasProperties, TO_UPPER, GOOD, PASS
https://github.com/apache/kylin, 63f9ac6bcd0db005f10935d88747d39fc0819ab7, kylin.query.calcite.extras-props.unquotedCasing, org.apache.kylin.common.KylinConfigTest#testCalciteExtrasProperties, obviously-bad-value, BAD, FAIL
https://github.com/apache/kylin, 63f9ac6bcd0db005f10935d88747d39fc0819ab7, kylin.query.calcite.extras-props.unquotedCasing, org.apache.kylin.common.KylinConfigTest#testCalciteExtrasProperties, TO_LOWER, GOOD, FAIL
https://github.com/apache/kylin, 63f9ac6bcd0db005f10935d88747d39fc0819ab7, kylin.query.calcite.extras-props.unquotedCasing, org.apache.kylin.common.KylinConfigTest#testCalciteExtrasProperties, UNCHANGED, GOOD, FAIL
https://github.com/apache/kylin, 63f9ac6bcd0db005f10935d88747d39fc0819ab7, kylin.query.calcite.extras-props.conformance, org.apache.kylin.common.KylinConfigTest#testCalciteExtrasProperties, obviously-bad-value, BAD, FAIL
https://github.com/apache/kylin, 63f9ac6bcd0db005f10935d88747d39fc0819ab7, kylin.query.calcite.extras-props.conformance, org.apache.kylin.common.KylinConfigTest#testCalciteExtrasProperties, LENIENT, GOOD, PASS
https://github.com/apache/kylin, 63f9ac6bcd0db005f10935d88747d39fc0819ab7, kylin.env.zookeeper-max-retries, org.apache.kylin.common.zookeeper.KylinServerDiscoveryTest#test, 0, GOOD, PASS
https://github.com/apache/kylin, 63f9ac6bcd0db005f10935d88747d39fc0819ab7, kylin.env.zookeeper-max-retries, org.apache.kylin.common.zookeeper.KylinServerDiscoveryTest#test, 100, GOOD, PASS
https://github.com/apache/kylin, 63f9ac6bcd0db005f10935d88747d39fc0819ab7, kylin.env.zookeeper-max-retries, org.apache.kylin.common.zookeeper.KylinServerDiscoveryTest#test, 0.1, GOOD, FAIL
https://github.com/apache/kylin, 63f9ac6bcd0db005f10935d88747d39fc0819ab7, kylin.env.zookeeper-max-retries, org.apache.kylin.common.zookeeper.KylinServerDiscoveryTest#test, 3, GOOD, PASS
https://github.com/apache/kylin, 63f9ac6bcd0db005f10935d88747d39fc0819ab7, kylin.env.zookeeper-max-retries, org.apache.kylin.common.zookeeper.KylinServerDiscoveryTest#test, some-value, BAD, FAIL
https://github.com/apache/kylin, 63f9ac6bcd0db005f10935d88747d39fc0819ab7, kylin.env.zookeeper-max-retries, org.apache.kylin.common.zookeeper.KylinServerDiscoveryTest#test, -300, BAD, PASS
https://github.com/apache/kylin, 63f9ac6bcd0db005f10935d88747d39fc0819ab7, kylin.env.zookeeper-max-retries, org.apache.kylin.common.zookeeper.KylinServerDiscoveryTest#test, 600000, GOOD, PASS
https://github.com/apache/kylin, 63f9ac6bcd0db005f10935d88747d39fc0819ab7, kylin.server.mode, org.apache.kylin.common.zookeeper.KylinServerDiscoveryTest#test, obviously-bad-value, BAD, PASS
https://github.com/apache/kylin, 63f9ac6bcd0db005f10935d88747d39fc0819ab7, kylin.server.mode, org.apache.kylin.common.zookeeper.KylinServerDiscoveryTest#test, query, GOOD, PASS
https://github.com/apache/kylin, 63f9ac6bcd0db005f10935d88747d39fc0819ab7, kylin.env.zookeeper-base-sleep-time, org.apache.kylin.common.zookeeper.KylinServerDiscoveryTest#test, 0, GOOD, PASS
https://github.com/apache/kylin, 63f9ac6bcd0db005f10935d88747d39fc0819ab7, kylin.env.zookeeper-base-sleep-time, org.apache.kylin.common.zookeeper.KylinServerDiscoveryTest#test, 100, GOOD, PASS
https://github.com/apache/kylin, 63f9ac6bcd0db005f10935d88747d39fc0819ab7, kylin.env.zookeeper-base-sleep-time, org.apache.kylin.common.zookeeper.KylinServerDiscoveryTest#test, 3000, GOOD, PASS
https://github.com/apache/kylin, 63f9ac6bcd0db005f10935d88747d39fc0819ab7, kylin.env.zookeeper-base-sleep-time, org.apache.kylin.common.zookeeper.KylinServerDiscoveryTest#test, 0.1, GOOD, FAIL
https://github.com/apache/kylin, 63f9ac6bcd0db005f10935d88747d39fc0819ab7, kylin.env.zookeeper-base-sleep-time, org.apache.kylin.common.zookeeper.KylinServerDiscoveryTest#test, some-value, BAD, FAIL
https://github.com/apache/kylin, 63f9ac6bcd0db005f10935d88747d39fc0819ab7, kylin.env.zookeeper-base-sleep-time, org.apache.kylin.common.zookeeper.KylinServerDiscoveryTest#test, -300, BAD, PASS
https://github.com/apache/kylin, 63f9ac6bcd0db005f10935d88747d39fc0819ab7, kylin.env.zookeeper-base-sleep-time, org.apache.kylin.common.zookeeper.KylinServerDiscoveryTest#test, 600000, GOOD, PASS
https://github.com/apache/kylin, 63f9ac6bcd0db005f10935d88747d39fc0819ab7, kylin.env.zookeeper-is-local, org.apache.kylin.common.zookeeper.KylinServerDiscoveryTest#test, true, GOOD, FAIL
https://github.com/apache/kylin, 63f9ac6bcd0db005f10935d88747d39fc0819ab7, kylin.env.zookeeper-is-local, org.apache.kylin.common.zookeeper.KylinServerDiscoveryTest#test, false, GOOD, PASS
https://github.com/apache/kylin, 63f9ac6bcd0db005f10935d88747d39fc0819ab7, kylin.env.zookeeper-connect-string, org.apache.kylin.common.zookeeper.KylinServerDiscoveryTest#test, 127.0.0.1:59450, GOOD, PASS
https://github.com/apache/kylin, 63f9ac6bcd0db005f10935d88747d39fc0819ab7, kylin.env.zookeeper-connect-string, org.apache.kylin.common.zookeeper.KylinServerDiscoveryTest#test, obviously-bad-value, BAD, FAIL
https://github.com/apache/kylin, 63f9ac6bcd0db005f10935d88747d39fc0819ab7, kylin.server.cluster-name, org.apache.kylin.common.zookeeper.KylinServerDiscoveryTest#test, obviously-bad-value, BAD, FAIL
https://github.com/apache/kylin, 63f9ac6bcd0db005f10935d88747d39fc0819ab7, kylin.server.cluster-name, org.apache.kylin.common.zookeeper.KylinServerDiscoveryTest#test, ../examples/test_metadata/, GOOD, FAIL
https://github.com/apache/kylin, 63f9ac6bcd0db005f10935d88747d39fc0819ab7, kylin.env.zookeeper-base-path, org.apache.kylin.common.zookeeper.KylinServerDiscoveryTest#test, /kylin/whatever, BAD, FAIL
https://github.com/apache/kylin, 63f9ac6bcd0db005f10935d88747d39fc0819ab7, kylin.env.zookeeper-base-path, org.apache.kylin.common.zookeeper.KylinServerDiscoveryTest#test, /kylin, GOOD, PASS
https://github.com/apache/kylin, 63f9ac6bcd0db005f10935d88747d39fc0819ab7, kylin.env.zookeeper-base-path, org.apache.kylin.common.zookeeper.KylinServerDiscoveryTest#test, /Nahhhhhh, BAD, PASS
https://github.com/apache/kylin, 63f9ac6bcd0db005f10935d88747d39fc0819ab7, kylin.resourcestore.reconnect-enabled, org.apache.kylin.common.persistence.LocalFileResourceStoreTest#testFileStore, true, GOOD, PASS
https://github.com/apache/kylin, 63f9ac6bcd0db005f10935d88747d39fc0819ab7, kylin.resourcestore.reconnect-enabled, org.apache.kylin.common.persistence.LocalFileResourceStoreTest#testFileStore, false, GOOD, PASS
https://github.com/apache/kylin, 63f9ac6bcd0db005f10935d88747d39fc0819ab7, kylin.job.remote-cli-port, org.apache.kylin.common.util.SSHClientTest#testCmd, 0, GOOD, PASS
https://github.com/apache/kylin, 63f9ac6bcd0db005f10935d88747d39fc0819ab7, kylin.job.remote-cli-port, org.apache.kylin.common.util.SSHClientTest#testCmd, 100, GOOD, PASS
https://github.com/apache/kylin, 63f9ac6bcd0db005f10935d88747d39fc0819ab7, kylin.job.remote-cli-port, org.apache.kylin.common.util.SSHClientTest#testCmd, 0.1, GOOD, PASS
https://github.com/apache/kylin, 63f9ac6bcd0db005f10935d88747d39fc0819ab7, kylin.job.remote-cli-port, org.apache.kylin.common.util.SSHClientTest#testCmd, some-value, BAD, PASS
https://github.com/apache/kylin, 63f9ac6bcd0db005f10935d88747d39fc0819ab7, kylin.job.remote-cli-port, org.apache.kylin.common.util.SSHClientTest#testCmd, -300, BAD, PASS
https://github.com/apache/kylin, 63f9ac6bcd0db005f10935d88747d39fc0819ab7, kylin.job.remote-cli-port, org.apache.kylin.common.util.SSHClientTest#testCmd, 22, GOOD, PASS
https://github.com/apache/kylin, 63f9ac6bcd0db005f10935d88747d39fc0819ab7, kylin.job.remote-cli-port, org.apache.kylin.common.util.SSHClientTest#testCmd, 600000, GOOD, PASS
https://github.com/apache/kylin, 63f9ac6bcd0db005f10935d88747d39fc0819ab7, kylin.job.remote-cli-port, org.apache.kylin.common.util.SSHClientTest#testScp, 0, GOOD, PASS
https://github.com/apache/kylin, 63f9ac6bcd0db005f10935d88747d39fc0819ab7, kylin.job.remote-cli-port, org.apache.kylin.common.util.SSHClientTest#testScp, 100, GOOD, PASS
https://github.com/apache/kylin, 63f9ac6bcd0db005f10935d88747d39fc0819ab7, kylin.job.remote-cli-port, org.apache.kylin.common.util.SSHClientTest#testScp, 0.1, GOOD, PASS
https://github.com/apache/kylin, 63f9ac6bcd0db005f10935d88747d39fc0819ab7, kylin.job.remote-cli-port, org.apache.kylin.common.util.SSHClientTest#testScp, some-value, BAD, PASS
https://github.com/apache/kylin, 63f9ac6bcd0db005f10935d88747d39fc0819ab7, kylin.job.remote-cli-port, org.apache.kylin.common.util.SSHClientTest#testScp, -300, BAD, PASS
https://github.com/apache/kylin, 63f9ac6bcd0db005f10935d88747d39fc0819ab7, kylin.job.remote-cli-port, org.apache.kylin.common.util.SSHClientTest#testScp, 22, GOOD, PASS
https://github.com/apache/kylin, 63f9ac6bcd0db005f10935d88747d39fc0819ab7, kylin.job.remote-cli-port, org.apache.kylin.common.util.SSHClientTest#testScp, 600000, GOOD, PASS
https://github.com/apache/kylin, 63f9ac6bcd0db005f10935d88747d39fc0819ab7, kylin.job.remote-cli-password, org.apache.kylin.common.util.SSHClientTest#testCmd,  , GOOD, PASS
https://github.com/apache/kylin, 63f9ac6bcd0db005f10935d88747d39fc0819ab7, kylin.job.remote-cli-password, org.apache.kylin.common.util.SSHClientTest#testCmd, obviously-bad-value, BAD, PASS
https://github.com/apache/kylin, 63f9ac6bcd0db005f10935d88747d39fc0819ab7, kylin.job.remote-cli-password, org.apache.kylin.common.util.SSHClientTest#testScp,  , GOOD, PASS
https://github.com/apache/kylin, 63f9ac6bcd0db005f10935d88747d39fc0819ab7, kylin.job.remote-cli-password, org.apache.kylin.common.util.SSHClientTest#testScp, obviously-bad-value, BAD, PASS
https://github.com/apache/kylin, 63f9ac6bcd0db005f10935d88747d39fc0819ab7, kylin.job.remote-cli-username, org.apache.kylin.common.util.SSHClientTest#testCmd,  , GOOD, PASS
https://github.com/apache/kylin, 63f9ac6bcd0db005f10935d88747d39fc0819ab7, kylin.job.remote-cli-username, org.apache.kylin.common.util.SSHClientTest#testCmd, obviously-bad-value, BAD, PASS
https://github.com/apache/kylin, 63f9ac6bcd0db005f10935d88747d39fc0819ab7, kylin.job.remote-cli-username, org.apache.kylin.common.util.SSHClientTest#testScp,  , GOOD, PASS
https://github.com/apache/kylin, 63f9ac6bcd0db005f10935d88747d39fc0819ab7, kylin.job.remote-cli-username, org.apache.kylin.common.util.SSHClientTest#testScp, obviously-bad-value, BAD, PASS
https://github.com/apache/kylin, 63f9ac6bcd0db005f10935d88747d39fc0819ab7, kylin.job.use-remote-cli, org.apache.kylin.common.util.SSHClientTest#testCmd, true, GOOD, PASS
https://github.com/apache/kylin, 63f9ac6bcd0db005f10935d88747d39fc0819ab7, kylin.job.use-remote-cli, org.apache.kylin.common.util.SSHClientTest#testCmd, false, GOOD, PASS
https://github.com/apache/kylin, 63f9ac6bcd0db005f10935d88747d39fc0819ab7, kylin.job.use-remote-cli, org.apache.kylin.common.util.SSHClientTest#testScp, true, GOOD, PASS
https://github.com/apache/kylin, 63f9ac6bcd0db005f10935d88747d39fc0819ab7, kylin.job.use-remote-cli, org.apache.kylin.common.util.SSHClientTest#testScp, false, GOOD, PASS
https://github.com/apache/kylin, 63f9ac6bcd0db005f10935d88747d39fc0819ab7, kylin.job.remote-cli-hostname, org.apache.kylin.common.util.SSHClientTest#testCmd,  , GOOD, PASS
https://github.com/apache/kylin, 63f9ac6bcd0db005f10935d88747d39fc0819ab7, kylin.job.remote-cli-hostname, org.apache.kylin.common.util.SSHClientTest#testCmd, obviously-bad-value, BAD, PASS
https://github.com/apache/kylin, 63f9ac6bcd0db005f10935d88747d39fc0819ab7, kylin.job.remote-cli-hostname, org.apache.kylin.common.util.SSHClientTest#testScp,  , GOOD, PASS
https://github.com/apache/kylin, 63f9ac6bcd0db005f10935d88747d39fc0819ab7, kylin.job.remote-cli-hostname, org.apache.kylin.common.util.SSHClientTest#testScp, obviously-bad-value, BAD, PASS
https://github.com/apache/kylin, 63f9ac6bcd0db005f10935d88747d39fc0819ab7, kylin.test.bcc.new.key, org.apache.kylin.common.KylinConfigTest#testBackwardCompatibility, 0, GOOD, PASS
https://github.com/apache/kylin, 63f9ac6bcd0db005f10935d88747d39fc0819ab7, kylin.test.bcc.new.key, org.apache.kylin.common.KylinConfigTest#testBackwardCompatibility, obviously-bad-value, BAD, PASS
https://github.com/apache/kylin, 63f9ac6bcd0db005f10935d88747d39fc0819ab7, kylin.test.bcc.new.key, org.apache.kylin.common.KylinConfigTest#testBackwardCompatibility, 100, GOOD, PASS
https://github.com/apache/kylin, 63f9ac6bcd0db005f10935d88747d39fc0819ab7, kylin.test.bcc.new.key, org.apache.kylin.common.KylinConfigTest#testBackwardCompatibility, 0.1, GOOD, PASS
https://github.com/apache/kylin, 63f9ac6bcd0db005f10935d88747d39fc0819ab7, kylin.test.bcc.new.key, org.apache.kylin.common.KylinConfigTest#testBackwardCompatibility, some-value, BAD, PASS
https://github.com/apache/kylin, 63f9ac6bcd0db005f10935d88747d39fc0819ab7, kylin.test.bcc.new.key, org.apache.kylin.common.KylinConfigTest#testBackwardCompatibility, some-value, GOOD, PASS
https://github.com/apache/kylin, 63f9ac6bcd0db005f10935d88747d39fc0819ab7, kylin.test.bcc.new.key, org.apache.kylin.common.KylinConfigTest#testBackwardCompatibility, -300, BAD, PASS
https://github.com/apache/kylin, 63f9ac6bcd0db005f10935d88747d39fc0819ab7, kylin.test.bcc.new.key, org.apache.kylin.common.KylinConfigTest#testBackwardCompatibility, 2, GOOD, PASS
https://github.com/apache/kylin, 63f9ac6bcd0db005f10935d88747d39fc0819ab7, kylin.test.bcc.new.key, org.apache.kylin.common.KylinConfigTest#testBackwardCompatibility, 600000, GOOD, PASS
https://github.com/apache/kylin, 63f9ac6bcd0db005f10935d88747d39fc0819ab7, kylin.test.bcc.old.key, org.apache.kylin.common.KylinConfigTest#testBackwardCompatibility,  , GOOD, PASS
https://github.com/apache/kylin, 63f9ac6bcd0db005f10935d88747d39fc0819ab7, kylin.test.bcc.old.key, org.apache.kylin.common.KylinConfigTest#testBackwardCompatibility, obviously-bad-value, BAD, PASS
https://github.com/apache/kylin, 63f9ac6bcd0db005f10935d88747d39fc0819ab7, kylin.engine.mr.config-override.test2, org.apache.kylin.common.KylinConfigTest#testMRConfigOverride,  , GOOD, PASS
https://github.com/apache/kylin, 63f9ac6bcd0db005f10935d88747d39fc0819ab7, kylin.engine.mr.config-override.test2, org.apache.kylin.common.KylinConfigTest#testMRConfigOverride, obviously-bad-value, BAD, PASS
https://github.com/apache/kylin, 63f9ac6bcd0db005f10935d88747d39fc0819ab7, kylin.engine.mr.config-override.test2, org.apache.kylin.common.KylinConfigTest#testUnexpectedBlackInPro,  , GOOD, PASS
https://github.com/apache/kylin, 63f9ac6bcd0db005f10935d88747d39fc0819ab7, kylin.engine.mr.config-override.test2, org.apache.kylin.common.KylinConfigTest#testUnexpectedBlackInPro, obviously-bad-value, BAD, PASS
https://github.com/apache/kylin, 63f9ac6bcd0db005f10935d88747d39fc0819ab7, kylin.engine.mr.config-override.test1, org.apache.kylin.common.KylinConfigTest#testMRConfigOverride,  , GOOD, PASS
https://github.com/apache/kylin, 63f9ac6bcd0db005f10935d88747d39fc0819ab7, kylin.engine.mr.config-override.test1, org.apache.kylin.common.KylinConfigTest#testMRConfigOverride, obviously-bad-value, BAD, PASS
https://github.com/apache/kylin, 63f9ac6bcd0db005f10935d88747d39fc0819ab7, kylin.engine.mr.config-override.test1, org.apache.kylin.common.KylinConfigTest#testUnexpectedBlackInPro,  , GOOD, PASS
https://github.com/apache/kylin, 63f9ac6bcd0db005f10935d88747d39fc0819ab7, kylin.engine.mr.config-override.test1, org.apache.kylin.common.KylinConfigTest#testUnexpectedBlackInPro, obviously-bad-value, BAD, PASS
