,REPO,SHA,CONFIG_PARAMETER,TEST_NAME,VALUE,TYPE(GOOD|BAD),EXPECTATION(PASS|FAIL)
0,https://github.com/apache/kylin,63f9ac6bcd0db005f10935d88747d39fc0819ab7,kylin.metadata.hbasemapping-adapter,org.apache.kylin.query.routing.RealizationCheckTest#testRealizationCheck,obviously-bad-value,BAD, 
1,https://github.com/apache/kylin,63f9ac6bcd0db005f10935d88747d39fc0819ab7,kylin.metadata.hbasemapping-adapter,org.apache.kylin.query.routing.RealizationCheckTest#testRealizationCheck,null,GOOD, 
2,https://github.com/apache/kylin,63f9ac6bcd0db005f10935d88747d39fc0819ab7,kylin.metadata.hbasemapping-adapter,org.apache.kylin.query.QueryConnectionTest#testGetConnection,obviously-bad-value,BAD, 
3,https://github.com/apache/kylin,63f9ac6bcd0db005f10935d88747d39fc0819ab7,kylin.metadata.hbasemapping-adapter,org.apache.kylin.query.QueryConnectionTest#testGetConnection,null,GOOD, 
4,https://github.com/apache/kylin,63f9ac6bcd0db005f10935d88747d39fc0819ab7,kylin.metadata.sync-error-handler,org.apache.kylin.query.routing.RealizationCheckTest#testRealizationCheck,obviously-bad-value,BAD, 
5,https://github.com/apache/kylin,63f9ac6bcd0db005f10935d88747d39fc0819ab7,kylin.metadata.sync-error-handler,org.apache.kylin.query.routing.RealizationCheckTest#testRealizationCheck,DefaultSyncErrorHandler,GOOD, 
6,https://github.com/apache/kylin,63f9ac6bcd0db005f10935d88747d39fc0819ab7,kylin.metadata.sync-error-handler,org.apache.kylin.query.routing.RealizationCheckTest#testRealizationCheck,null,GOOD, 
7,https://github.com/apache/kylin,63f9ac6bcd0db005f10935d88747d39fc0819ab7,kylin.metadata.sync-error-handler,org.apache.kylin.query.util.QueryUtilTest#testMassageSql,obviously-bad-value,BAD, 
8,https://github.com/apache/kylin,63f9ac6bcd0db005f10935d88747d39fc0819ab7,kylin.metadata.sync-error-handler,org.apache.kylin.query.util.QueryUtilTest#testMassageSql,DefaultSyncErrorHandler,GOOD, 
9,https://github.com/apache/kylin,63f9ac6bcd0db005f10935d88747d39fc0819ab7,kylin.metadata.sync-error-handler,org.apache.kylin.query.util.QueryUtilTest#testMassageSql,null,GOOD, 
10,https://github.com/apache/kylin,63f9ac6bcd0db005f10935d88747d39fc0819ab7,kylin.metadata.sync-error-handler,org.apache.kylin.query.util.QueryUtilTest#testKeywordDefaultDirtyHack,obviously-bad-value,BAD, 
11,https://github.com/apache/kylin,63f9ac6bcd0db005f10935d88747d39fc0819ab7,kylin.metadata.sync-error-handler,org.apache.kylin.query.util.QueryUtilTest#testKeywordDefaultDirtyHack,DefaultSyncErrorHandler,GOOD, 
12,https://github.com/apache/kylin,63f9ac6bcd0db005f10935d88747d39fc0819ab7,kylin.metadata.sync-error-handler,org.apache.kylin.query.util.QueryUtilTest#testKeywordDefaultDirtyHack,null,GOOD, 
13,https://github.com/apache/kylin,63f9ac6bcd0db005f10935d88747d39fc0819ab7,kylin.metadata.sync-error-handler,org.apache.kylin.query.util.QueryUtilTest#testLimitAndOffset,obviously-bad-value,BAD, 
14,https://github.com/apache/kylin,63f9ac6bcd0db005f10935d88747d39fc0819ab7,kylin.metadata.sync-error-handler,org.apache.kylin.query.util.QueryUtilTest#testLimitAndOffset,DefaultSyncErrorHandler,GOOD, 
15,https://github.com/apache/kylin,63f9ac6bcd0db005f10935d88747d39fc0819ab7,kylin.metadata.sync-error-handler,org.apache.kylin.query.util.QueryUtilTest#testLimitAndOffset,null,GOOD, 
16,https://github.com/apache/kylin,63f9ac6bcd0db005f10935d88747d39fc0819ab7,kylin.metadata.sync-error-handler,org.apache.kylin.query.QueryConnectionTest#testGetConnection,obviously-bad-value,BAD, 
17,https://github.com/apache/kylin,63f9ac6bcd0db005f10935d88747d39fc0819ab7,kylin.metadata.sync-error-handler,org.apache.kylin.query.QueryConnectionTest#testGetConnection,DefaultSyncErrorHandler,GOOD, 
18,https://github.com/apache/kylin,63f9ac6bcd0db005f10935d88747d39fc0819ab7,kylin.metadata.sync-error-handler,org.apache.kylin.query.QueryConnectionTest#testGetConnection,null,GOOD, 
19,https://github.com/apache/kylin,63f9ac6bcd0db005f10935d88747d39fc0819ab7,kylin.metadata.sync-error-handler,org.apache.kylin.query.util.QueryUtilTest#testForceLimit,obviously-bad-value,BAD, 
20,https://github.com/apache/kylin,63f9ac6bcd0db005f10935d88747d39fc0819ab7,kylin.metadata.sync-error-handler,org.apache.kylin.query.util.QueryUtilTest#testForceLimit,DefaultSyncErrorHandler,GOOD, 
21,https://github.com/apache/kylin,63f9ac6bcd0db005f10935d88747d39fc0819ab7,kylin.metadata.sync-error-handler,org.apache.kylin.query.util.QueryUtilTest#testForceLimit,null,GOOD, 
22,https://github.com/apache/kylin,63f9ac6bcd0db005f10935d88747d39fc0819ab7,kylin.resourcestore.reconnect-base-ms,org.apache.kylin.query.routing.RealizationCheckTest#testRealizationCheck,1000,GOOD, 
23,https://github.com/apache/kylin,63f9ac6bcd0db005f10935d88747d39fc0819ab7,kylin.resourcestore.reconnect-base-ms,org.apache.kylin.query.routing.RealizationCheckTest#testRealizationCheck,-300,BAD, 
24,https://github.com/apache/kylin,63f9ac6bcd0db005f10935d88747d39fc0819ab7,kylin.resourcestore.reconnect-base-ms,org.apache.kylin.query.routing.RealizationCheckTest#testRealizationCheck,600000,GOOD, 
25,https://github.com/apache/kylin,63f9ac6bcd0db005f10935d88747d39fc0819ab7,kylin.resourcestore.reconnect-base-ms,org.apache.kylin.query.routing.RealizationCheckTest#testRealizationCheck,some-value,BAD, 
26,https://github.com/apache/kylin,63f9ac6bcd0db005f10935d88747d39fc0819ab7,kylin.resourcestore.reconnect-base-ms,org.apache.kylin.query.routing.RealizationCheckTest#testRealizationCheck,100,GOOD, 
27,https://github.com/apache/kylin,63f9ac6bcd0db005f10935d88747d39fc0819ab7,kylin.resourcestore.reconnect-base-ms,org.apache.kylin.query.routing.RealizationCheckTest#testRealizationCheck,0,GOOD, 
28,https://github.com/apache/kylin,63f9ac6bcd0db005f10935d88747d39fc0819ab7,kylin.resourcestore.reconnect-base-ms,org.apache.kylin.query.routing.RealizationCheckTest#testRealizationCheck,0.1,GOOD, 
29,https://github.com/apache/kylin,63f9ac6bcd0db005f10935d88747d39fc0819ab7,kylin.resourcestore.reconnect-base-ms,org.apache.kylin.query.util.QueryUtilTest#testMassageSql,1000,GOOD, 
30,https://github.com/apache/kylin,63f9ac6bcd0db005f10935d88747d39fc0819ab7,kylin.resourcestore.reconnect-base-ms,org.apache.kylin.query.util.QueryUtilTest#testMassageSql,-300,BAD, 
31,https://github.com/apache/kylin,63f9ac6bcd0db005f10935d88747d39fc0819ab7,kylin.resourcestore.reconnect-base-ms,org.apache.kylin.query.util.QueryUtilTest#testMassageSql,600000,GOOD, 
32,https://github.com/apache/kylin,63f9ac6bcd0db005f10935d88747d39fc0819ab7,kylin.resourcestore.reconnect-base-ms,org.apache.kylin.query.util.QueryUtilTest#testMassageSql,some-value,BAD, 
33,https://github.com/apache/kylin,63f9ac6bcd0db005f10935d88747d39fc0819ab7,kylin.resourcestore.reconnect-base-ms,org.apache.kylin.query.util.QueryUtilTest#testMassageSql,100,GOOD, 
34,https://github.com/apache/kylin,63f9ac6bcd0db005f10935d88747d39fc0819ab7,kylin.resourcestore.reconnect-base-ms,org.apache.kylin.query.util.QueryUtilTest#testMassageSql,0,GOOD, 
35,https://github.com/apache/kylin,63f9ac6bcd0db005f10935d88747d39fc0819ab7,kylin.resourcestore.reconnect-base-ms,org.apache.kylin.query.util.QueryUtilTest#testMassageSql,0.1,GOOD, 
36,https://github.com/apache/kylin,63f9ac6bcd0db005f10935d88747d39fc0819ab7,kylin.resourcestore.reconnect-base-ms,org.apache.kylin.query.util.QueryUtilTest#testKeywordDefaultDirtyHack,1000,GOOD, 
37,https://github.com/apache/kylin,63f9ac6bcd0db005f10935d88747d39fc0819ab7,kylin.resourcestore.reconnect-base-ms,org.apache.kylin.query.util.QueryUtilTest#testKeywordDefaultDirtyHack,-300,BAD, 
38,https://github.com/apache/kylin,63f9ac6bcd0db005f10935d88747d39fc0819ab7,kylin.resourcestore.reconnect-base-ms,org.apache.kylin.query.util.QueryUtilTest#testKeywordDefaultDirtyHack,600000,GOOD, 
39,https://github.com/apache/kylin,63f9ac6bcd0db005f10935d88747d39fc0819ab7,kylin.resourcestore.reconnect-base-ms,org.apache.kylin.query.util.QueryUtilTest#testKeywordDefaultDirtyHack,some-value,BAD, 
40,https://github.com/apache/kylin,63f9ac6bcd0db005f10935d88747d39fc0819ab7,kylin.resourcestore.reconnect-base-ms,org.apache.kylin.query.util.QueryUtilTest#testKeywordDefaultDirtyHack,100,GOOD, 
41,https://github.com/apache/kylin,63f9ac6bcd0db005f10935d88747d39fc0819ab7,kylin.resourcestore.reconnect-base-ms,org.apache.kylin.query.util.QueryUtilTest#testKeywordDefaultDirtyHack,0,GOOD, 
42,https://github.com/apache/kylin,63f9ac6bcd0db005f10935d88747d39fc0819ab7,kylin.resourcestore.reconnect-base-ms,org.apache.kylin.query.util.QueryUtilTest#testKeywordDefaultDirtyHack,0.1,GOOD, 
43,https://github.com/apache/kylin,63f9ac6bcd0db005f10935d88747d39fc0819ab7,kylin.resourcestore.reconnect-base-ms,org.apache.kylin.query.util.QueryUtilTest#testLimitAndOffset,1000,GOOD, 
44,https://github.com/apache/kylin,63f9ac6bcd0db005f10935d88747d39fc0819ab7,kylin.resourcestore.reconnect-base-ms,org.apache.kylin.query.util.QueryUtilTest#testLimitAndOffset,-300,BAD, 
45,https://github.com/apache/kylin,63f9ac6bcd0db005f10935d88747d39fc0819ab7,kylin.resourcestore.reconnect-base-ms,org.apache.kylin.query.util.QueryUtilTest#testLimitAndOffset,600000,GOOD, 
46,https://github.com/apache/kylin,63f9ac6bcd0db005f10935d88747d39fc0819ab7,kylin.resourcestore.reconnect-base-ms,org.apache.kylin.query.util.QueryUtilTest#testLimitAndOffset,some-value,BAD, 
47,https://github.com/apache/kylin,63f9ac6bcd0db005f10935d88747d39fc0819ab7,kylin.resourcestore.reconnect-base-ms,org.apache.kylin.query.util.QueryUtilTest#testLimitAndOffset,100,GOOD, 
48,https://github.com/apache/kylin,63f9ac6bcd0db005f10935d88747d39fc0819ab7,kylin.resourcestore.reconnect-base-ms,org.apache.kylin.query.util.QueryUtilTest#testLimitAndOffset,0,GOOD, 
49,https://github.com/apache/kylin,63f9ac6bcd0db005f10935d88747d39fc0819ab7,kylin.resourcestore.reconnect-base-ms,org.apache.kylin.query.util.QueryUtilTest#testLimitAndOffset,0.1,GOOD, 
50,https://github.com/apache/kylin,63f9ac6bcd0db005f10935d88747d39fc0819ab7,kylin.resourcestore.reconnect-base-ms,org.apache.kylin.query.QueryConnectionTest#testGetConnection,1000,GOOD, 
51,https://github.com/apache/kylin,63f9ac6bcd0db005f10935d88747d39fc0819ab7,kylin.resourcestore.reconnect-base-ms,org.apache.kylin.query.QueryConnectionTest#testGetConnection,-300,BAD, 
52,https://github.com/apache/kylin,63f9ac6bcd0db005f10935d88747d39fc0819ab7,kylin.resourcestore.reconnect-base-ms,org.apache.kylin.query.QueryConnectionTest#testGetConnection,600000,GOOD, 
53,https://github.com/apache/kylin,63f9ac6bcd0db005f10935d88747d39fc0819ab7,kylin.resourcestore.reconnect-base-ms,org.apache.kylin.query.QueryConnectionTest#testGetConnection,some-value,BAD, 
54,https://github.com/apache/kylin,63f9ac6bcd0db005f10935d88747d39fc0819ab7,kylin.resourcestore.reconnect-base-ms,org.apache.kylin.query.QueryConnectionTest#testGetConnection,100,GOOD, 
55,https://github.com/apache/kylin,63f9ac6bcd0db005f10935d88747d39fc0819ab7,kylin.resourcestore.reconnect-base-ms,org.apache.kylin.query.QueryConnectionTest#testGetConnection,0,GOOD, 
56,https://github.com/apache/kylin,63f9ac6bcd0db005f10935d88747d39fc0819ab7,kylin.resourcestore.reconnect-base-ms,org.apache.kylin.query.QueryConnectionTest#testGetConnection,0.1,GOOD, 
57,https://github.com/apache/kylin,63f9ac6bcd0db005f10935d88747d39fc0819ab7,kylin.resourcestore.reconnect-base-ms,org.apache.kylin.query.util.QueryUtilTest#testForceLimit,1000,GOOD, 
58,https://github.com/apache/kylin,63f9ac6bcd0db005f10935d88747d39fc0819ab7,kylin.resourcestore.reconnect-base-ms,org.apache.kylin.query.util.QueryUtilTest#testForceLimit,-300,BAD, 
59,https://github.com/apache/kylin,63f9ac6bcd0db005f10935d88747d39fc0819ab7,kylin.resourcestore.reconnect-base-ms,org.apache.kylin.query.util.QueryUtilTest#testForceLimit,600000,GOOD, 
60,https://github.com/apache/kylin,63f9ac6bcd0db005f10935d88747d39fc0819ab7,kylin.resourcestore.reconnect-base-ms,org.apache.kylin.query.util.QueryUtilTest#testForceLimit,some-value,BAD, 
61,https://github.com/apache/kylin,63f9ac6bcd0db005f10935d88747d39fc0819ab7,kylin.resourcestore.reconnect-base-ms,org.apache.kylin.query.util.QueryUtilTest#testForceLimit,100,GOOD, 
62,https://github.com/apache/kylin,63f9ac6bcd0db005f10935d88747d39fc0819ab7,kylin.resourcestore.reconnect-base-ms,org.apache.kylin.query.util.QueryUtilTest#testForceLimit,0,GOOD, 
63,https://github.com/apache/kylin,63f9ac6bcd0db005f10935d88747d39fc0819ab7,kylin.resourcestore.reconnect-base-ms,org.apache.kylin.query.util.QueryUtilTest#testForceLimit,0.1,GOOD, 
64,https://github.com/apache/kylin,63f9ac6bcd0db005f10935d88747d39fc0819ab7,kylin.cube.cuboid-scheduler,org.apache.kylin.query.routing.RealizationCheckTest#testRealizationCheck,obviously-bad-value,BAD, 
65,https://github.com/apache/kylin,63f9ac6bcd0db005f10935d88747d39fc0819ab7,kylin.cube.cuboid-scheduler,org.apache.kylin.query.routing.RealizationCheckTest#testRealizationCheck,org.apache.kylin.cube.cuboid.DefaultCuboidScheduler,GOOD, 
66,https://github.com/apache/kylin,63f9ac6bcd0db005f10935d88747d39fc0819ab7,kylin.cube.cuboid-scheduler,org.apache.kylin.query.QueryConnectionTest#testGetConnection,obviously-bad-value,BAD, 
67,https://github.com/apache/kylin,63f9ac6bcd0db005f10935d88747d39fc0819ab7,kylin.cube.cuboid-scheduler,org.apache.kylin.query.QueryConnectionTest#testGetConnection,org.apache.kylin.cube.cuboid.DefaultCuboidScheduler,GOOD, 
68,https://github.com/apache/kylin,63f9ac6bcd0db005f10935d88747d39fc0819ab7,kylin.metadata.url,org.apache.kylin.query.routing.RealizationCheckTest#testRealizationCheck,obviously-bad-value,BAD, 
69,https://github.com/apache/kylin,63f9ac6bcd0db005f10935d88747d39fc0819ab7,kylin.metadata.url,org.apache.kylin.query.routing.RealizationCheckTest#testRealizationCheck,,GOOD, 
70,https://github.com/apache/kylin,63f9ac6bcd0db005f10935d88747d39fc0819ab7,kylin.metadata.url,org.apache.kylin.query.routing.RealizationCheckTest#testRealizationCheck,kylin_metadata@hbase,GOOD, 
71,https://github.com/apache/kylin,63f9ac6bcd0db005f10935d88747d39fc0819ab7,kylin.metadata.url,org.apache.kylin.query.relnode.visitor.TupleFilterVisitorTest#testMergeToInClause2,obviously-bad-value,BAD, 
72,https://github.com/apache/kylin,63f9ac6bcd0db005f10935d88747d39fc0819ab7,kylin.metadata.url,org.apache.kylin.query.relnode.visitor.TupleFilterVisitorTest#testMergeToInClause2,,GOOD, 
73,https://github.com/apache/kylin,63f9ac6bcd0db005f10935d88747d39fc0819ab7,kylin.metadata.url,org.apache.kylin.query.relnode.visitor.TupleFilterVisitorTest#testMergeToInClause2,kylin_metadata@hbase,GOOD, 
74,https://github.com/apache/kylin,63f9ac6bcd0db005f10935d88747d39fc0819ab7,kylin.metadata.url,org.apache.kylin.query.calcite.KylinRelDataTypeSystemTest#testIllegalDecimalType,obviously-bad-value,BAD, 
75,https://github.com/apache/kylin,63f9ac6bcd0db005f10935d88747d39fc0819ab7,kylin.metadata.url,org.apache.kylin.query.calcite.KylinRelDataTypeSystemTest#testIllegalDecimalType,,GOOD, 
76,https://github.com/apache/kylin,63f9ac6bcd0db005f10935d88747d39fc0819ab7,kylin.metadata.url,org.apache.kylin.query.calcite.KylinRelDataTypeSystemTest#testIllegalDecimalType,kylin_metadata@hbase,GOOD, 
77,https://github.com/apache/kylin,63f9ac6bcd0db005f10935d88747d39fc0819ab7,kylin.metadata.url,org.apache.kylin.query.relnode.visitor.TupleFilterVisitorTest#testMergeToInClause1,obviously-bad-value,BAD, 
78,https://github.com/apache/kylin,63f9ac6bcd0db005f10935d88747d39fc0819ab7,kylin.metadata.url,org.apache.kylin.query.relnode.visitor.TupleFilterVisitorTest#testMergeToInClause1,,GOOD, 
79,https://github.com/apache/kylin,63f9ac6bcd0db005f10935d88747d39fc0819ab7,kylin.metadata.url,org.apache.kylin.query.relnode.visitor.TupleFilterVisitorTest#testMergeToInClause1,kylin_metadata@hbase,GOOD, 
80,https://github.com/apache/kylin,63f9ac6bcd0db005f10935d88747d39fc0819ab7,kylin.metadata.url,org.apache.kylin.query.util.QueryUtilTest#testMassageSql,obviously-bad-value,BAD, 
81,https://github.com/apache/kylin,63f9ac6bcd0db005f10935d88747d39fc0819ab7,kylin.metadata.url,org.apache.kylin.query.util.QueryUtilTest#testMassageSql,,GOOD, 
82,https://github.com/apache/kylin,63f9ac6bcd0db005f10935d88747d39fc0819ab7,kylin.metadata.url,org.apache.kylin.query.util.QueryUtilTest#testMassageSql,kylin_metadata@hbase,GOOD, 
83,https://github.com/apache/kylin,63f9ac6bcd0db005f10935d88747d39fc0819ab7,kylin.metadata.url,org.apache.kylin.query.util.QueryUtilTest#testKeywordDefaultDirtyHack,obviously-bad-value,BAD, 
84,https://github.com/apache/kylin,63f9ac6bcd0db005f10935d88747d39fc0819ab7,kylin.metadata.url,org.apache.kylin.query.util.QueryUtilTest#testKeywordDefaultDirtyHack,,GOOD, 
85,https://github.com/apache/kylin,63f9ac6bcd0db005f10935d88747d39fc0819ab7,kylin.metadata.url,org.apache.kylin.query.util.QueryUtilTest#testKeywordDefaultDirtyHack,kylin_metadata@hbase,GOOD, 
86,https://github.com/apache/kylin,63f9ac6bcd0db005f10935d88747d39fc0819ab7,kylin.metadata.url,org.apache.kylin.query.util.QueryUtilTest#testRemoveCommentInSql,obviously-bad-value,BAD, 
87,https://github.com/apache/kylin,63f9ac6bcd0db005f10935d88747d39fc0819ab7,kylin.metadata.url,org.apache.kylin.query.util.QueryUtilTest#testRemoveCommentInSql,,GOOD, 
88,https://github.com/apache/kylin,63f9ac6bcd0db005f10935d88747d39fc0819ab7,kylin.metadata.url,org.apache.kylin.query.util.QueryUtilTest#testRemoveCommentInSql,kylin_metadata@hbase,GOOD, 
89,https://github.com/apache/kylin,63f9ac6bcd0db005f10935d88747d39fc0819ab7,kylin.metadata.url,org.apache.kylin.query.schema.OLAPTableTest#testCreateSqlType,obviously-bad-value,BAD, 
90,https://github.com/apache/kylin,63f9ac6bcd0db005f10935d88747d39fc0819ab7,kylin.metadata.url,org.apache.kylin.query.schema.OLAPTableTest#testCreateSqlType,,GOOD, 
91,https://github.com/apache/kylin,63f9ac6bcd0db005f10935d88747d39fc0819ab7,kylin.metadata.url,org.apache.kylin.query.schema.OLAPTableTest#testCreateSqlType,kylin_metadata@hbase,GOOD, 
92,https://github.com/apache/kylin,63f9ac6bcd0db005f10935d88747d39fc0819ab7,kylin.metadata.url,org.apache.kylin.query.aggregate.DimCountDistinctAggFuncTest#testEmpty,obviously-bad-value,BAD, 
93,https://github.com/apache/kylin,63f9ac6bcd0db005f10935d88747d39fc0819ab7,kylin.metadata.url,org.apache.kylin.query.aggregate.DimCountDistinctAggFuncTest#testEmpty,,GOOD, 
94,https://github.com/apache/kylin,63f9ac6bcd0db005f10935d88747d39fc0819ab7,kylin.metadata.url,org.apache.kylin.query.aggregate.DimCountDistinctAggFuncTest#testEmpty,kylin_metadata@hbase,GOOD, 
95,https://github.com/apache/kylin,63f9ac6bcd0db005f10935d88747d39fc0819ab7,kylin.metadata.url,org.apache.kylin.query.util.QueryUtilTest#testappendLimitOffsetToSql,obviously-bad-value,BAD, 
96,https://github.com/apache/kylin,63f9ac6bcd0db005f10935d88747d39fc0819ab7,kylin.metadata.url,org.apache.kylin.query.util.QueryUtilTest#testappendLimitOffsetToSql,,GOOD, 
97,https://github.com/apache/kylin,63f9ac6bcd0db005f10935d88747d39fc0819ab7,kylin.metadata.url,org.apache.kylin.query.util.QueryUtilTest#testappendLimitOffsetToSql,kylin_metadata@hbase,GOOD, 
98,https://github.com/apache/kylin,63f9ac6bcd0db005f10935d88747d39fc0819ab7,kylin.metadata.url,org.apache.kylin.query.util.QueryUtilTest#testUnknownErrorResponseMessage,obviously-bad-value,BAD, 
99,https://github.com/apache/kylin,63f9ac6bcd0db005f10935d88747d39fc0819ab7,kylin.metadata.url,org.apache.kylin.query.util.QueryUtilTest#testUnknownErrorResponseMessage,,GOOD, 
100,https://github.com/apache/kylin,63f9ac6bcd0db005f10935d88747d39fc0819ab7,kylin.metadata.url,org.apache.kylin.query.util.QueryUtilTest#testUnknownErrorResponseMessage,kylin_metadata@hbase,GOOD, 
101,https://github.com/apache/kylin,63f9ac6bcd0db005f10935d88747d39fc0819ab7,kylin.metadata.url,org.apache.kylin.query.util.QueryUtilTest#testLimitAndOffset,obviously-bad-value,BAD, 
102,https://github.com/apache/kylin,63f9ac6bcd0db005f10935d88747d39fc0819ab7,kylin.metadata.url,org.apache.kylin.query.util.QueryUtilTest#testLimitAndOffset,,GOOD, 
103,https://github.com/apache/kylin,63f9ac6bcd0db005f10935d88747d39fc0819ab7,kylin.metadata.url,org.apache.kylin.query.util.QueryUtilTest#testLimitAndOffset,kylin_metadata@hbase,GOOD, 
104,https://github.com/apache/kylin,63f9ac6bcd0db005f10935d88747d39fc0819ab7,kylin.metadata.url,org.apache.kylin.query.util.KeywordDefaultDirtyHackTest#testTransform,obviously-bad-value,BAD, 
105,https://github.com/apache/kylin,63f9ac6bcd0db005f10935d88747d39fc0819ab7,kylin.metadata.url,org.apache.kylin.query.util.KeywordDefaultDirtyHackTest#testTransform,,GOOD, 
106,https://github.com/apache/kylin,63f9ac6bcd0db005f10935d88747d39fc0819ab7,kylin.metadata.url,org.apache.kylin.query.util.KeywordDefaultDirtyHackTest#testTransform,kylin_metadata@hbase,GOOD, 
107,https://github.com/apache/kylin,63f9ac6bcd0db005f10935d88747d39fc0819ab7,kylin.metadata.url,org.apache.kylin.query.QueryConnectionTest#testGetConnection,obviously-bad-value,BAD, 
108,https://github.com/apache/kylin,63f9ac6bcd0db005f10935d88747d39fc0819ab7,kylin.metadata.url,org.apache.kylin.query.QueryConnectionTest#testGetConnection,,GOOD, 
109,https://github.com/apache/kylin,63f9ac6bcd0db005f10935d88747d39fc0819ab7,kylin.metadata.url,org.apache.kylin.query.QueryConnectionTest#testGetConnection,kylin_metadata@hbase,GOOD, 
110,https://github.com/apache/kylin,63f9ac6bcd0db005f10935d88747d39fc0819ab7,kylin.metadata.url,org.apache.kylin.query.aggregate.DimCountDistinctAggFuncTest#testBasic,obviously-bad-value,BAD, 
111,https://github.com/apache/kylin,63f9ac6bcd0db005f10935d88747d39fc0819ab7,kylin.metadata.url,org.apache.kylin.query.aggregate.DimCountDistinctAggFuncTest#testBasic,,GOOD, 
112,https://github.com/apache/kylin,63f9ac6bcd0db005f10935d88747d39fc0819ab7,kylin.metadata.url,org.apache.kylin.query.aggregate.DimCountDistinctAggFuncTest#testBasic,kylin_metadata@hbase,GOOD, 
113,https://github.com/apache/kylin,63f9ac6bcd0db005f10935d88747d39fc0819ab7,kylin.metadata.url,org.apache.kylin.query.util.QueryUtilTest#testRemoveCatalog,obviously-bad-value,BAD, 
114,https://github.com/apache/kylin,63f9ac6bcd0db005f10935d88747d39fc0819ab7,kylin.metadata.url,org.apache.kylin.query.util.QueryUtilTest#testRemoveCatalog,,GOOD, 
115,https://github.com/apache/kylin,63f9ac6bcd0db005f10935d88747d39fc0819ab7,kylin.metadata.url,org.apache.kylin.query.util.QueryUtilTest#testRemoveCatalog,kylin_metadata@hbase,GOOD, 
116,https://github.com/apache/kylin,63f9ac6bcd0db005f10935d88747d39fc0819ab7,kylin.metadata.url,org.apache.kylin.query.util.QueryUtilTest#testForceLimit,obviously-bad-value,BAD, 
117,https://github.com/apache/kylin,63f9ac6bcd0db005f10935d88747d39fc0819ab7,kylin.metadata.url,org.apache.kylin.query.util.QueryUtilTest#testForceLimit,,GOOD, 
118,https://github.com/apache/kylin,63f9ac6bcd0db005f10935d88747d39fc0819ab7,kylin.metadata.url,org.apache.kylin.query.util.QueryUtilTest#testForceLimit,kylin_metadata@hbase,GOOD, 
119,https://github.com/apache/kylin,63f9ac6bcd0db005f10935d88747d39fc0819ab7,kylin.metadata.url,org.apache.kylin.query.aggregate.DimCountDistinctAggFuncTest#testThreshold,obviously-bad-value,BAD, 
120,https://github.com/apache/kylin,63f9ac6bcd0db005f10935d88747d39fc0819ab7,kylin.metadata.url,org.apache.kylin.query.aggregate.DimCountDistinctAggFuncTest#testThreshold,,GOOD, 
121,https://github.com/apache/kylin,63f9ac6bcd0db005f10935d88747d39fc0819ab7,kylin.metadata.url,org.apache.kylin.query.aggregate.DimCountDistinctAggFuncTest#testThreshold,kylin_metadata@hbase,GOOD, 
122,https://github.com/apache/kylin,63f9ac6bcd0db005f10935d88747d39fc0819ab7,kylin.metadata.url,org.apache.kylin.query.util.QueryUtilTest#testIsSelect,obviously-bad-value,BAD, 
123,https://github.com/apache/kylin,63f9ac6bcd0db005f10935d88747d39fc0819ab7,kylin.metadata.url,org.apache.kylin.query.util.QueryUtilTest#testIsSelect,,GOOD, 
124,https://github.com/apache/kylin,63f9ac6bcd0db005f10935d88747d39fc0819ab7,kylin.metadata.url,org.apache.kylin.query.util.QueryUtilTest#testIsSelect,kylin_metadata@hbase,GOOD, 
125,https://github.com/apache/kylin,63f9ac6bcd0db005f10935d88747d39fc0819ab7,kylin.metadata.url,org.apache.kylin.query.calcite.KylinRelDataTypeSystemTest#testLegalDecimalType,obviously-bad-value,BAD, 
126,https://github.com/apache/kylin,63f9ac6bcd0db005f10935d88747d39fc0819ab7,kylin.metadata.url,org.apache.kylin.query.calcite.KylinRelDataTypeSystemTest#testLegalDecimalType,,GOOD, 
127,https://github.com/apache/kylin,63f9ac6bcd0db005f10935d88747d39fc0819ab7,kylin.metadata.url,org.apache.kylin.query.calcite.KylinRelDataTypeSystemTest#testLegalDecimalType,kylin_metadata@hbase,GOOD, 
128,https://github.com/apache/kylin,63f9ac6bcd0db005f10935d88747d39fc0819ab7,kylin.cube.kylin.cube.rowkey-encoding-auto-convert,org.apache.kylin.query.routing.RealizationCheckTest#testRealizationCheck,false,GOOD, 
129,https://github.com/apache/kylin,63f9ac6bcd0db005f10935d88747d39fc0819ab7,kylin.cube.kylin.cube.rowkey-encoding-auto-convert,org.apache.kylin.query.routing.RealizationCheckTest#testRealizationCheck,true,GOOD, 
130,https://github.com/apache/kylin,63f9ac6bcd0db005f10935d88747d39fc0819ab7,kylin.cube.kylin.cube.rowkey-encoding-auto-convert,org.apache.kylin.query.QueryConnectionTest#testGetConnection,false,GOOD, 
131,https://github.com/apache/kylin,63f9ac6bcd0db005f10935d88747d39fc0819ab7,kylin.cube.kylin.cube.rowkey-encoding-auto-convert,org.apache.kylin.query.QueryConnectionTest#testGetConnection,true,GOOD, 
132,https://github.com/apache/kylin,63f9ac6bcd0db005f10935d88747d39fc0819ab7,kylin.cube.aggrgroup.is-mandatory-only-valid,org.apache.kylin.query.routing.RealizationCheckTest#testRealizationCheck,obviously-bad-value,BAD, 
133,https://github.com/apache/kylin,63f9ac6bcd0db005f10935d88747d39fc0819ab7,kylin.cube.aggrgroup.is-mandatory-only-valid,org.apache.kylin.query.routing.RealizationCheckTest#testRealizationCheck,false,GOOD, 
134,https://github.com/apache/kylin,63f9ac6bcd0db005f10935d88747d39fc0819ab7,kylin.cube.aggrgroup.is-mandatory-only-valid,org.apache.kylin.query.routing.RealizationCheckTest#testRealizationCheck,TRUE,GOOD, 
135,https://github.com/apache/kylin,63f9ac6bcd0db005f10935d88747d39fc0819ab7,kylin.cube.aggrgroup.is-mandatory-only-valid,org.apache.kylin.query.routing.RealizationCheckTest#testRealizationCheck,FALSE,GOOD, 
136,https://github.com/apache/kylin,63f9ac6bcd0db005f10935d88747d39fc0819ab7,kylin.cube.aggrgroup.is-mandatory-only-valid,org.apache.kylin.query.routing.RealizationCheckTest#testRealizationCheck,true,GOOD, 
137,https://github.com/apache/kylin,63f9ac6bcd0db005f10935d88747d39fc0819ab7,kylin.cube.aggrgroup.is-mandatory-only-valid,org.apache.kylin.query.QueryConnectionTest#testGetConnection,obviously-bad-value,BAD, 
138,https://github.com/apache/kylin,63f9ac6bcd0db005f10935d88747d39fc0819ab7,kylin.cube.aggrgroup.is-mandatory-only-valid,org.apache.kylin.query.QueryConnectionTest#testGetConnection,false,GOOD, 
139,https://github.com/apache/kylin,63f9ac6bcd0db005f10935d88747d39fc0819ab7,kylin.cube.aggrgroup.is-mandatory-only-valid,org.apache.kylin.query.QueryConnectionTest#testGetConnection,TRUE,GOOD, 
140,https://github.com/apache/kylin,63f9ac6bcd0db005f10935d88747d39fc0819ab7,kylin.cube.aggrgroup.is-mandatory-only-valid,org.apache.kylin.query.QueryConnectionTest#testGetConnection,FALSE,GOOD, 
141,https://github.com/apache/kylin,63f9ac6bcd0db005f10935d88747d39fc0819ab7,kylin.cube.aggrgroup.is-mandatory-only-valid,org.apache.kylin.query.QueryConnectionTest#testGetConnection,true,GOOD, 
142,https://github.com/apache/kylin,63f9ac6bcd0db005f10935d88747d39fc0819ab7,kylin.cube.rowkey.max-size,org.apache.kylin.query.routing.RealizationCheckTest#testRealizationCheck,-300,BAD, 
143,https://github.com/apache/kylin,63f9ac6bcd0db005f10935d88747d39fc0819ab7,kylin.cube.rowkey.max-size,org.apache.kylin.query.routing.RealizationCheckTest#testRealizationCheck,600000,GOOD, 
144,https://github.com/apache/kylin,63f9ac6bcd0db005f10935d88747d39fc0819ab7,kylin.cube.rowkey.max-size,org.apache.kylin.query.routing.RealizationCheckTest#testRealizationCheck,some-value,BAD, 
145,https://github.com/apache/kylin,63f9ac6bcd0db005f10935d88747d39fc0819ab7,kylin.cube.rowkey.max-size,org.apache.kylin.query.routing.RealizationCheckTest#testRealizationCheck,100,GOOD, 
146,https://github.com/apache/kylin,63f9ac6bcd0db005f10935d88747d39fc0819ab7,kylin.cube.rowkey.max-size,org.apache.kylin.query.routing.RealizationCheckTest#testRealizationCheck,0,GOOD, 
147,https://github.com/apache/kylin,63f9ac6bcd0db005f10935d88747d39fc0819ab7,kylin.cube.rowkey.max-size,org.apache.kylin.query.routing.RealizationCheckTest#testRealizationCheck,0.1,GOOD, 
148,https://github.com/apache/kylin,63f9ac6bcd0db005f10935d88747d39fc0819ab7,kylin.cube.rowkey.max-size,org.apache.kylin.query.routing.RealizationCheckTest#testRealizationCheck,63,GOOD, 
149,https://github.com/apache/kylin,63f9ac6bcd0db005f10935d88747d39fc0819ab7,kylin.cube.rowkey.max-size,org.apache.kylin.query.QueryConnectionTest#testGetConnection,-300,BAD, 
150,https://github.com/apache/kylin,63f9ac6bcd0db005f10935d88747d39fc0819ab7,kylin.cube.rowkey.max-size,org.apache.kylin.query.QueryConnectionTest#testGetConnection,600000,GOOD, 
151,https://github.com/apache/kylin,63f9ac6bcd0db005f10935d88747d39fc0819ab7,kylin.cube.rowkey.max-size,org.apache.kylin.query.QueryConnectionTest#testGetConnection,some-value,BAD, 
152,https://github.com/apache/kylin,63f9ac6bcd0db005f10935d88747d39fc0819ab7,kylin.cube.rowkey.max-size,org.apache.kylin.query.QueryConnectionTest#testGetConnection,100,GOOD, 
153,https://github.com/apache/kylin,63f9ac6bcd0db005f10935d88747d39fc0819ab7,kylin.cube.rowkey.max-size,org.apache.kylin.query.QueryConnectionTest#testGetConnection,0,GOOD, 
154,https://github.com/apache/kylin,63f9ac6bcd0db005f10935d88747d39fc0819ab7,kylin.cube.rowkey.max-size,org.apache.kylin.query.QueryConnectionTest#testGetConnection,0.1,GOOD, 
155,https://github.com/apache/kylin,63f9ac6bcd0db005f10935d88747d39fc0819ab7,kylin.cube.rowkey.max-size,org.apache.kylin.query.QueryConnectionTest#testGetConnection,63,GOOD, 
156,https://github.com/apache/kylin,63f9ac6bcd0db005f10935d88747d39fc0819ab7,kylin.source.hive.default-decimal-precision,org.apache.kylin.query.routing.RealizationCheckTest#testRealizationCheck,-300,BAD, 
157,https://github.com/apache/kylin,63f9ac6bcd0db005f10935d88747d39fc0819ab7,kylin.source.hive.default-decimal-precision,org.apache.kylin.query.routing.RealizationCheckTest#testRealizationCheck,19,GOOD, 
158,https://github.com/apache/kylin,63f9ac6bcd0db005f10935d88747d39fc0819ab7,kylin.source.hive.default-decimal-precision,org.apache.kylin.query.routing.RealizationCheckTest#testRealizationCheck,600000,GOOD, 
159,https://github.com/apache/kylin,63f9ac6bcd0db005f10935d88747d39fc0819ab7,kylin.source.hive.default-decimal-precision,org.apache.kylin.query.routing.RealizationCheckTest#testRealizationCheck,obviously-bad-value,BAD, 
160,https://github.com/apache/kylin,63f9ac6bcd0db005f10935d88747d39fc0819ab7,kylin.source.hive.default-decimal-precision,org.apache.kylin.query.routing.RealizationCheckTest#testRealizationCheck,decimal,GOOD, 
161,https://github.com/apache/kylin,63f9ac6bcd0db005f10935d88747d39fc0819ab7,kylin.source.hive.default-decimal-precision,org.apache.kylin.query.routing.RealizationCheckTest#testRealizationCheck,some-value,BAD, 
162,https://github.com/apache/kylin,63f9ac6bcd0db005f10935d88747d39fc0819ab7,kylin.source.hive.default-decimal-precision,org.apache.kylin.query.routing.RealizationCheckTest#testRealizationCheck,100,GOOD, 
163,https://github.com/apache/kylin,63f9ac6bcd0db005f10935d88747d39fc0819ab7,kylin.source.hive.default-decimal-precision,org.apache.kylin.query.routing.RealizationCheckTest#testRealizationCheck,0,GOOD, 
164,https://github.com/apache/kylin,63f9ac6bcd0db005f10935d88747d39fc0819ab7,kylin.source.hive.default-decimal-precision,org.apache.kylin.query.routing.RealizationCheckTest#testRealizationCheck,0.1,GOOD, 
165,https://github.com/apache/kylin,63f9ac6bcd0db005f10935d88747d39fc0819ab7,kylin.source.hive.default-decimal-precision,org.apache.kylin.query.QueryConnectionTest#testGetConnection,-300,BAD, 
166,https://github.com/apache/kylin,63f9ac6bcd0db005f10935d88747d39fc0819ab7,kylin.source.hive.default-decimal-precision,org.apache.kylin.query.QueryConnectionTest#testGetConnection,19,GOOD, 
167,https://github.com/apache/kylin,63f9ac6bcd0db005f10935d88747d39fc0819ab7,kylin.source.hive.default-decimal-precision,org.apache.kylin.query.QueryConnectionTest#testGetConnection,600000,GOOD, 
168,https://github.com/apache/kylin,63f9ac6bcd0db005f10935d88747d39fc0819ab7,kylin.source.hive.default-decimal-precision,org.apache.kylin.query.QueryConnectionTest#testGetConnection,obviously-bad-value,BAD, 
169,https://github.com/apache/kylin,63f9ac6bcd0db005f10935d88747d39fc0819ab7,kylin.source.hive.default-decimal-precision,org.apache.kylin.query.QueryConnectionTest#testGetConnection,decimal,GOOD, 
170,https://github.com/apache/kylin,63f9ac6bcd0db005f10935d88747d39fc0819ab7,kylin.source.hive.default-decimal-precision,org.apache.kylin.query.QueryConnectionTest#testGetConnection,some-value,BAD, 
171,https://github.com/apache/kylin,63f9ac6bcd0db005f10935d88747d39fc0819ab7,kylin.source.hive.default-decimal-precision,org.apache.kylin.query.QueryConnectionTest#testGetConnection,100,GOOD, 
172,https://github.com/apache/kylin,63f9ac6bcd0db005f10935d88747d39fc0819ab7,kylin.source.hive.default-decimal-precision,org.apache.kylin.query.QueryConnectionTest#testGetConnection,0,GOOD, 
173,https://github.com/apache/kylin,63f9ac6bcd0db005f10935d88747d39fc0819ab7,kylin.source.hive.default-decimal-precision,org.apache.kylin.query.QueryConnectionTest#testGetConnection,0.1,GOOD, 
174,https://github.com/apache/kylin,63f9ac6bcd0db005f10935d88747d39fc0819ab7,kylin.metadata.data-model-manager-impl,org.apache.kylin.query.routing.RealizationCheckTest#testRealizationCheck,obviously-bad-value,BAD, 
175,https://github.com/apache/kylin,63f9ac6bcd0db005f10935d88747d39fc0819ab7,kylin.metadata.data-model-manager-impl,org.apache.kylin.query.routing.RealizationCheckTest#testRealizationCheck,null,GOOD, 
176,https://github.com/apache/kylin,63f9ac6bcd0db005f10935d88747d39fc0819ab7,kylin.metadata.data-model-manager-impl,org.apache.kylin.query.QueryConnectionTest#testGetConnection,obviously-bad-value,BAD, 
177,https://github.com/apache/kylin,63f9ac6bcd0db005f10935d88747d39fc0819ab7,kylin.metadata.data-model-manager-impl,org.apache.kylin.query.QueryConnectionTest#testGetConnection,null,GOOD, 
178,https://github.com/apache/kylin,63f9ac6bcd0db005f10935d88747d39fc0819ab7,kylin.source.hive.default-varchar-precision,org.apache.kylin.query.routing.RealizationCheckTest#testRealizationCheck,-300,BAD, 
179,https://github.com/apache/kylin,63f9ac6bcd0db005f10935d88747d39fc0819ab7,kylin.source.hive.default-varchar-precision,org.apache.kylin.query.routing.RealizationCheckTest#testRealizationCheck,obviously-bad-value,BAD, 
180,https://github.com/apache/kylin,63f9ac6bcd0db005f10935d88747d39fc0819ab7,kylin.source.hive.default-varchar-precision,org.apache.kylin.query.routing.RealizationCheckTest#testRealizationCheck,600000,GOOD, 
181,https://github.com/apache/kylin,63f9ac6bcd0db005f10935d88747d39fc0819ab7,kylin.source.hive.default-varchar-precision,org.apache.kylin.query.routing.RealizationCheckTest#testRealizationCheck,some-value,BAD, 
182,https://github.com/apache/kylin,63f9ac6bcd0db005f10935d88747d39fc0819ab7,kylin.source.hive.default-varchar-precision,org.apache.kylin.query.routing.RealizationCheckTest#testRealizationCheck,100,GOOD, 
183,https://github.com/apache/kylin,63f9ac6bcd0db005f10935d88747d39fc0819ab7,kylin.source.hive.default-varchar-precision,org.apache.kylin.query.routing.RealizationCheckTest#testRealizationCheck,0,GOOD, 
184,https://github.com/apache/kylin,63f9ac6bcd0db005f10935d88747d39fc0819ab7,kylin.source.hive.default-varchar-precision,org.apache.kylin.query.routing.RealizationCheckTest#testRealizationCheck,0.1,GOOD, 
185,https://github.com/apache/kylin,63f9ac6bcd0db005f10935d88747d39fc0819ab7,kylin.source.hive.default-varchar-precision,org.apache.kylin.query.routing.RealizationCheckTest#testRealizationCheck,256,GOOD, 
186,https://github.com/apache/kylin,63f9ac6bcd0db005f10935d88747d39fc0819ab7,kylin.source.hive.default-varchar-precision,org.apache.kylin.query.routing.RealizationCheckTest#testRealizationCheck,varchar,GOOD, 
187,https://github.com/apache/kylin,63f9ac6bcd0db005f10935d88747d39fc0819ab7,kylin.source.hive.default-varchar-precision,org.apache.kylin.query.schema.OLAPTableTest#testCreateSqlType,-300,BAD, 
188,https://github.com/apache/kylin,63f9ac6bcd0db005f10935d88747d39fc0819ab7,kylin.source.hive.default-varchar-precision,org.apache.kylin.query.schema.OLAPTableTest#testCreateSqlType,obviously-bad-value,BAD, 
189,https://github.com/apache/kylin,63f9ac6bcd0db005f10935d88747d39fc0819ab7,kylin.source.hive.default-varchar-precision,org.apache.kylin.query.schema.OLAPTableTest#testCreateSqlType,600000,GOOD, 
190,https://github.com/apache/kylin,63f9ac6bcd0db005f10935d88747d39fc0819ab7,kylin.source.hive.default-varchar-precision,org.apache.kylin.query.schema.OLAPTableTest#testCreateSqlType,some-value,BAD, 
191,https://github.com/apache/kylin,63f9ac6bcd0db005f10935d88747d39fc0819ab7,kylin.source.hive.default-varchar-precision,org.apache.kylin.query.schema.OLAPTableTest#testCreateSqlType,100,GOOD, 
192,https://github.com/apache/kylin,63f9ac6bcd0db005f10935d88747d39fc0819ab7,kylin.source.hive.default-varchar-precision,org.apache.kylin.query.schema.OLAPTableTest#testCreateSqlType,0,GOOD, 
193,https://github.com/apache/kylin,63f9ac6bcd0db005f10935d88747d39fc0819ab7,kylin.source.hive.default-varchar-precision,org.apache.kylin.query.schema.OLAPTableTest#testCreateSqlType,0.1,GOOD, 
194,https://github.com/apache/kylin,63f9ac6bcd0db005f10935d88747d39fc0819ab7,kylin.source.hive.default-varchar-precision,org.apache.kylin.query.schema.OLAPTableTest#testCreateSqlType,256,GOOD, 
195,https://github.com/apache/kylin,63f9ac6bcd0db005f10935d88747d39fc0819ab7,kylin.source.hive.default-varchar-precision,org.apache.kylin.query.schema.OLAPTableTest#testCreateSqlType,varchar,GOOD, 
196,https://github.com/apache/kylin,63f9ac6bcd0db005f10935d88747d39fc0819ab7,kylin.source.hive.default-varchar-precision,org.apache.kylin.query.QueryConnectionTest#testGetConnection,-300,BAD, 
197,https://github.com/apache/kylin,63f9ac6bcd0db005f10935d88747d39fc0819ab7,kylin.source.hive.default-varchar-precision,org.apache.kylin.query.QueryConnectionTest#testGetConnection,obviously-bad-value,BAD, 
198,https://github.com/apache/kylin,63f9ac6bcd0db005f10935d88747d39fc0819ab7,kylin.source.hive.default-varchar-precision,org.apache.kylin.query.QueryConnectionTest#testGetConnection,600000,GOOD, 
199,https://github.com/apache/kylin,63f9ac6bcd0db005f10935d88747d39fc0819ab7,kylin.source.hive.default-varchar-precision,org.apache.kylin.query.QueryConnectionTest#testGetConnection,some-value,BAD, 
200,https://github.com/apache/kylin,63f9ac6bcd0db005f10935d88747d39fc0819ab7,kylin.source.hive.default-varchar-precision,org.apache.kylin.query.QueryConnectionTest#testGetConnection,100,GOOD, 
201,https://github.com/apache/kylin,63f9ac6bcd0db005f10935d88747d39fc0819ab7,kylin.source.hive.default-varchar-precision,org.apache.kylin.query.QueryConnectionTest#testGetConnection,0,GOOD, 
202,https://github.com/apache/kylin,63f9ac6bcd0db005f10935d88747d39fc0819ab7,kylin.source.hive.default-varchar-precision,org.apache.kylin.query.QueryConnectionTest#testGetConnection,0.1,GOOD, 
203,https://github.com/apache/kylin,63f9ac6bcd0db005f10935d88747d39fc0819ab7,kylin.source.hive.default-varchar-precision,org.apache.kylin.query.QueryConnectionTest#testGetConnection,256,GOOD, 
204,https://github.com/apache/kylin,63f9ac6bcd0db005f10935d88747d39fc0819ab7,kylin.source.hive.default-varchar-precision,org.apache.kylin.query.QueryConnectionTest#testGetConnection,varchar,GOOD, 
205,https://github.com/apache/kylin,63f9ac6bcd0db005f10935d88747d39fc0819ab7,kylin.metadata.check-copy-on-write,org.apache.kylin.query.routing.RealizationCheckTest#testRealizationCheck,obviously-bad-value,BAD, 
206,https://github.com/apache/kylin,63f9ac6bcd0db005f10935d88747d39fc0819ab7,kylin.metadata.check-copy-on-write,org.apache.kylin.query.routing.RealizationCheckTest#testRealizationCheck,false,GOOD, 
207,https://github.com/apache/kylin,63f9ac6bcd0db005f10935d88747d39fc0819ab7,kylin.metadata.check-copy-on-write,org.apache.kylin.query.routing.RealizationCheckTest#testRealizationCheck,FALSE,GOOD, 
208,https://github.com/apache/kylin,63f9ac6bcd0db005f10935d88747d39fc0819ab7,kylin.metadata.check-copy-on-write,org.apache.kylin.query.routing.RealizationCheckTest#testRealizationCheck,true,GOOD, 
209,https://github.com/apache/kylin,63f9ac6bcd0db005f10935d88747d39fc0819ab7,kylin.metadata.check-copy-on-write,org.apache.kylin.query.util.QueryUtilTest#testMassageSql,obviously-bad-value,BAD, 
210,https://github.com/apache/kylin,63f9ac6bcd0db005f10935d88747d39fc0819ab7,kylin.metadata.check-copy-on-write,org.apache.kylin.query.util.QueryUtilTest#testMassageSql,false,GOOD, 
211,https://github.com/apache/kylin,63f9ac6bcd0db005f10935d88747d39fc0819ab7,kylin.metadata.check-copy-on-write,org.apache.kylin.query.util.QueryUtilTest#testMassageSql,FALSE,GOOD, 
212,https://github.com/apache/kylin,63f9ac6bcd0db005f10935d88747d39fc0819ab7,kylin.metadata.check-copy-on-write,org.apache.kylin.query.util.QueryUtilTest#testMassageSql,true,GOOD, 
213,https://github.com/apache/kylin,63f9ac6bcd0db005f10935d88747d39fc0819ab7,kylin.metadata.check-copy-on-write,org.apache.kylin.query.util.QueryUtilTest#testKeywordDefaultDirtyHack,obviously-bad-value,BAD, 
214,https://github.com/apache/kylin,63f9ac6bcd0db005f10935d88747d39fc0819ab7,kylin.metadata.check-copy-on-write,org.apache.kylin.query.util.QueryUtilTest#testKeywordDefaultDirtyHack,false,GOOD, 
215,https://github.com/apache/kylin,63f9ac6bcd0db005f10935d88747d39fc0819ab7,kylin.metadata.check-copy-on-write,org.apache.kylin.query.util.QueryUtilTest#testKeywordDefaultDirtyHack,FALSE,GOOD, 
216,https://github.com/apache/kylin,63f9ac6bcd0db005f10935d88747d39fc0819ab7,kylin.metadata.check-copy-on-write,org.apache.kylin.query.util.QueryUtilTest#testKeywordDefaultDirtyHack,true,GOOD, 
217,https://github.com/apache/kylin,63f9ac6bcd0db005f10935d88747d39fc0819ab7,kylin.metadata.check-copy-on-write,org.apache.kylin.query.util.QueryUtilTest#testLimitAndOffset,obviously-bad-value,BAD, 
218,https://github.com/apache/kylin,63f9ac6bcd0db005f10935d88747d39fc0819ab7,kylin.metadata.check-copy-on-write,org.apache.kylin.query.util.QueryUtilTest#testLimitAndOffset,false,GOOD, 
219,https://github.com/apache/kylin,63f9ac6bcd0db005f10935d88747d39fc0819ab7,kylin.metadata.check-copy-on-write,org.apache.kylin.query.util.QueryUtilTest#testLimitAndOffset,FALSE,GOOD, 
220,https://github.com/apache/kylin,63f9ac6bcd0db005f10935d88747d39fc0819ab7,kylin.metadata.check-copy-on-write,org.apache.kylin.query.util.QueryUtilTest#testLimitAndOffset,true,GOOD, 
221,https://github.com/apache/kylin,63f9ac6bcd0db005f10935d88747d39fc0819ab7,kylin.metadata.check-copy-on-write,org.apache.kylin.query.QueryConnectionTest#testGetConnection,obviously-bad-value,BAD, 
222,https://github.com/apache/kylin,63f9ac6bcd0db005f10935d88747d39fc0819ab7,kylin.metadata.check-copy-on-write,org.apache.kylin.query.QueryConnectionTest#testGetConnection,false,GOOD, 
223,https://github.com/apache/kylin,63f9ac6bcd0db005f10935d88747d39fc0819ab7,kylin.metadata.check-copy-on-write,org.apache.kylin.query.QueryConnectionTest#testGetConnection,FALSE,GOOD, 
224,https://github.com/apache/kylin,63f9ac6bcd0db005f10935d88747d39fc0819ab7,kylin.metadata.check-copy-on-write,org.apache.kylin.query.QueryConnectionTest#testGetConnection,true,GOOD, 
225,https://github.com/apache/kylin,63f9ac6bcd0db005f10935d88747d39fc0819ab7,kylin.metadata.check-copy-on-write,org.apache.kylin.query.util.QueryUtilTest#testForceLimit,obviously-bad-value,BAD, 
226,https://github.com/apache/kylin,63f9ac6bcd0db005f10935d88747d39fc0819ab7,kylin.metadata.check-copy-on-write,org.apache.kylin.query.util.QueryUtilTest#testForceLimit,false,GOOD, 
227,https://github.com/apache/kylin,63f9ac6bcd0db005f10935d88747d39fc0819ab7,kylin.metadata.check-copy-on-write,org.apache.kylin.query.util.QueryUtilTest#testForceLimit,FALSE,GOOD, 
228,https://github.com/apache/kylin,63f9ac6bcd0db005f10935d88747d39fc0819ab7,kylin.metadata.check-copy-on-write,org.apache.kylin.query.util.QueryUtilTest#testForceLimit,true,GOOD, 
229,https://github.com/apache/kylin,63f9ac6bcd0db005f10935d88747d39fc0819ab7,kylin.metadata.custom-dimension-encodings,org.apache.kylin.query.routing.RealizationCheckTest#testRealizationCheck,obviously-bad-value,BAD, 
230,https://github.com/apache/kylin,63f9ac6bcd0db005f10935d88747d39fc0819ab7,kylin.metadata.custom-dimension-encodings,org.apache.kylin.query.routing.RealizationCheckTest#testRealizationCheck,null,GOOD, 
231,https://github.com/apache/kylin,63f9ac6bcd0db005f10935d88747d39fc0819ab7,kylin.metadata.custom-dimension-encodings,org.apache.kylin.query.QueryConnectionTest#testGetConnection,obviously-bad-value,BAD, 
232,https://github.com/apache/kylin,63f9ac6bcd0db005f10935d88747d39fc0819ab7,kylin.metadata.custom-dimension-encodings,org.apache.kylin.query.QueryConnectionTest#testGetConnection,null,GOOD, 
233,https://github.com/apache/kylin,63f9ac6bcd0db005f10935d88747d39fc0819ab7,kylin.cube.aggrgroup.max-combination,org.apache.kylin.query.routing.RealizationCheckTest#testRealizationCheck,-300,BAD, 
234,https://github.com/apache/kylin,63f9ac6bcd0db005f10935d88747d39fc0819ab7,kylin.cube.aggrgroup.max-combination,org.apache.kylin.query.routing.RealizationCheckTest#testRealizationCheck,32768,GOOD, 
235,https://github.com/apache/kylin,63f9ac6bcd0db005f10935d88747d39fc0819ab7,kylin.cube.aggrgroup.max-combination,org.apache.kylin.query.routing.RealizationCheckTest#testRealizationCheck,600000,GOOD, 
236,https://github.com/apache/kylin,63f9ac6bcd0db005f10935d88747d39fc0819ab7,kylin.cube.aggrgroup.max-combination,org.apache.kylin.query.routing.RealizationCheckTest#testRealizationCheck,some-value,BAD, 
237,https://github.com/apache/kylin,63f9ac6bcd0db005f10935d88747d39fc0819ab7,kylin.cube.aggrgroup.max-combination,org.apache.kylin.query.routing.RealizationCheckTest#testRealizationCheck,100,GOOD, 
238,https://github.com/apache/kylin,63f9ac6bcd0db005f10935d88747d39fc0819ab7,kylin.cube.aggrgroup.max-combination,org.apache.kylin.query.routing.RealizationCheckTest#testRealizationCheck,0,GOOD, 
239,https://github.com/apache/kylin,63f9ac6bcd0db005f10935d88747d39fc0819ab7,kylin.cube.aggrgroup.max-combination,org.apache.kylin.query.routing.RealizationCheckTest#testRealizationCheck,0.1,GOOD, 
240,https://github.com/apache/kylin,63f9ac6bcd0db005f10935d88747d39fc0819ab7,kylin.cube.aggrgroup.max-combination,org.apache.kylin.query.QueryConnectionTest#testGetConnection,-300,BAD, 
241,https://github.com/apache/kylin,63f9ac6bcd0db005f10935d88747d39fc0819ab7,kylin.cube.aggrgroup.max-combination,org.apache.kylin.query.QueryConnectionTest#testGetConnection,32768,GOOD, 
242,https://github.com/apache/kylin,63f9ac6bcd0db005f10935d88747d39fc0819ab7,kylin.cube.aggrgroup.max-combination,org.apache.kylin.query.QueryConnectionTest#testGetConnection,600000,GOOD, 
243,https://github.com/apache/kylin,63f9ac6bcd0db005f10935d88747d39fc0819ab7,kylin.cube.aggrgroup.max-combination,org.apache.kylin.query.QueryConnectionTest#testGetConnection,some-value,BAD, 
244,https://github.com/apache/kylin,63f9ac6bcd0db005f10935d88747d39fc0819ab7,kylin.cube.aggrgroup.max-combination,org.apache.kylin.query.QueryConnectionTest#testGetConnection,100,GOOD, 
245,https://github.com/apache/kylin,63f9ac6bcd0db005f10935d88747d39fc0819ab7,kylin.cube.aggrgroup.max-combination,org.apache.kylin.query.QueryConnectionTest#testGetConnection,0,GOOD, 
246,https://github.com/apache/kylin,63f9ac6bcd0db005f10935d88747d39fc0819ab7,kylin.cube.aggrgroup.max-combination,org.apache.kylin.query.QueryConnectionTest#testGetConnection,0.1,GOOD, 
247,https://github.com/apache/kylin,63f9ac6bcd0db005f10935d88747d39fc0819ab7,kylin.resourcestore.reconnect-max-ms,org.apache.kylin.query.routing.RealizationCheckTest#testRealizationCheck,-300,BAD, 
248,https://github.com/apache/kylin,63f9ac6bcd0db005f10935d88747d39fc0819ab7,kylin.resourcestore.reconnect-max-ms,org.apache.kylin.query.routing.RealizationCheckTest#testRealizationCheck,600000,GOOD, 
249,https://github.com/apache/kylin,63f9ac6bcd0db005f10935d88747d39fc0819ab7,kylin.resourcestore.reconnect-max-ms,org.apache.kylin.query.routing.RealizationCheckTest#testRealizationCheck,some-value,BAD, 
250,https://github.com/apache/kylin,63f9ac6bcd0db005f10935d88747d39fc0819ab7,kylin.resourcestore.reconnect-max-ms,org.apache.kylin.query.routing.RealizationCheckTest#testRealizationCheck,100,GOOD, 
251,https://github.com/apache/kylin,63f9ac6bcd0db005f10935d88747d39fc0819ab7,kylin.resourcestore.reconnect-max-ms,org.apache.kylin.query.routing.RealizationCheckTest#testRealizationCheck,0,GOOD, 
252,https://github.com/apache/kylin,63f9ac6bcd0db005f10935d88747d39fc0819ab7,kylin.resourcestore.reconnect-max-ms,org.apache.kylin.query.routing.RealizationCheckTest#testRealizationCheck,0.1,GOOD, 
253,https://github.com/apache/kylin,63f9ac6bcd0db005f10935d88747d39fc0819ab7,kylin.resourcestore.reconnect-max-ms,org.apache.kylin.query.routing.RealizationCheckTest#testRealizationCheck,60000,GOOD, 
254,https://github.com/apache/kylin,63f9ac6bcd0db005f10935d88747d39fc0819ab7,kylin.resourcestore.reconnect-max-ms,org.apache.kylin.query.util.QueryUtilTest#testMassageSql,-300,BAD, 
255,https://github.com/apache/kylin,63f9ac6bcd0db005f10935d88747d39fc0819ab7,kylin.resourcestore.reconnect-max-ms,org.apache.kylin.query.util.QueryUtilTest#testMassageSql,600000,GOOD, 
256,https://github.com/apache/kylin,63f9ac6bcd0db005f10935d88747d39fc0819ab7,kylin.resourcestore.reconnect-max-ms,org.apache.kylin.query.util.QueryUtilTest#testMassageSql,some-value,BAD, 
257,https://github.com/apache/kylin,63f9ac6bcd0db005f10935d88747d39fc0819ab7,kylin.resourcestore.reconnect-max-ms,org.apache.kylin.query.util.QueryUtilTest#testMassageSql,100,GOOD, 
258,https://github.com/apache/kylin,63f9ac6bcd0db005f10935d88747d39fc0819ab7,kylin.resourcestore.reconnect-max-ms,org.apache.kylin.query.util.QueryUtilTest#testMassageSql,0,GOOD, 
259,https://github.com/apache/kylin,63f9ac6bcd0db005f10935d88747d39fc0819ab7,kylin.resourcestore.reconnect-max-ms,org.apache.kylin.query.util.QueryUtilTest#testMassageSql,0.1,GOOD, 
260,https://github.com/apache/kylin,63f9ac6bcd0db005f10935d88747d39fc0819ab7,kylin.resourcestore.reconnect-max-ms,org.apache.kylin.query.util.QueryUtilTest#testMassageSql,60000,GOOD, 
261,https://github.com/apache/kylin,63f9ac6bcd0db005f10935d88747d39fc0819ab7,kylin.resourcestore.reconnect-max-ms,org.apache.kylin.query.util.QueryUtilTest#testKeywordDefaultDirtyHack,-300,BAD, 
262,https://github.com/apache/kylin,63f9ac6bcd0db005f10935d88747d39fc0819ab7,kylin.resourcestore.reconnect-max-ms,org.apache.kylin.query.util.QueryUtilTest#testKeywordDefaultDirtyHack,600000,GOOD, 
263,https://github.com/apache/kylin,63f9ac6bcd0db005f10935d88747d39fc0819ab7,kylin.resourcestore.reconnect-max-ms,org.apache.kylin.query.util.QueryUtilTest#testKeywordDefaultDirtyHack,some-value,BAD, 
264,https://github.com/apache/kylin,63f9ac6bcd0db005f10935d88747d39fc0819ab7,kylin.resourcestore.reconnect-max-ms,org.apache.kylin.query.util.QueryUtilTest#testKeywordDefaultDirtyHack,100,GOOD, 
265,https://github.com/apache/kylin,63f9ac6bcd0db005f10935d88747d39fc0819ab7,kylin.resourcestore.reconnect-max-ms,org.apache.kylin.query.util.QueryUtilTest#testKeywordDefaultDirtyHack,0,GOOD, 
266,https://github.com/apache/kylin,63f9ac6bcd0db005f10935d88747d39fc0819ab7,kylin.resourcestore.reconnect-max-ms,org.apache.kylin.query.util.QueryUtilTest#testKeywordDefaultDirtyHack,0.1,GOOD, 
267,https://github.com/apache/kylin,63f9ac6bcd0db005f10935d88747d39fc0819ab7,kylin.resourcestore.reconnect-max-ms,org.apache.kylin.query.util.QueryUtilTest#testKeywordDefaultDirtyHack,60000,GOOD, 
268,https://github.com/apache/kylin,63f9ac6bcd0db005f10935d88747d39fc0819ab7,kylin.resourcestore.reconnect-max-ms,org.apache.kylin.query.util.QueryUtilTest#testLimitAndOffset,-300,BAD, 
269,https://github.com/apache/kylin,63f9ac6bcd0db005f10935d88747d39fc0819ab7,kylin.resourcestore.reconnect-max-ms,org.apache.kylin.query.util.QueryUtilTest#testLimitAndOffset,600000,GOOD, 
270,https://github.com/apache/kylin,63f9ac6bcd0db005f10935d88747d39fc0819ab7,kylin.resourcestore.reconnect-max-ms,org.apache.kylin.query.util.QueryUtilTest#testLimitAndOffset,some-value,BAD, 
271,https://github.com/apache/kylin,63f9ac6bcd0db005f10935d88747d39fc0819ab7,kylin.resourcestore.reconnect-max-ms,org.apache.kylin.query.util.QueryUtilTest#testLimitAndOffset,100,GOOD, 
272,https://github.com/apache/kylin,63f9ac6bcd0db005f10935d88747d39fc0819ab7,kylin.resourcestore.reconnect-max-ms,org.apache.kylin.query.util.QueryUtilTest#testLimitAndOffset,0,GOOD, 
273,https://github.com/apache/kylin,63f9ac6bcd0db005f10935d88747d39fc0819ab7,kylin.resourcestore.reconnect-max-ms,org.apache.kylin.query.util.QueryUtilTest#testLimitAndOffset,0.1,GOOD, 
274,https://github.com/apache/kylin,63f9ac6bcd0db005f10935d88747d39fc0819ab7,kylin.resourcestore.reconnect-max-ms,org.apache.kylin.query.util.QueryUtilTest#testLimitAndOffset,60000,GOOD, 
275,https://github.com/apache/kylin,63f9ac6bcd0db005f10935d88747d39fc0819ab7,kylin.resourcestore.reconnect-max-ms,org.apache.kylin.query.QueryConnectionTest#testGetConnection,-300,BAD, 
276,https://github.com/apache/kylin,63f9ac6bcd0db005f10935d88747d39fc0819ab7,kylin.resourcestore.reconnect-max-ms,org.apache.kylin.query.QueryConnectionTest#testGetConnection,600000,GOOD, 
277,https://github.com/apache/kylin,63f9ac6bcd0db005f10935d88747d39fc0819ab7,kylin.resourcestore.reconnect-max-ms,org.apache.kylin.query.QueryConnectionTest#testGetConnection,some-value,BAD, 
278,https://github.com/apache/kylin,63f9ac6bcd0db005f10935d88747d39fc0819ab7,kylin.resourcestore.reconnect-max-ms,org.apache.kylin.query.QueryConnectionTest#testGetConnection,100,GOOD, 
279,https://github.com/apache/kylin,63f9ac6bcd0db005f10935d88747d39fc0819ab7,kylin.resourcestore.reconnect-max-ms,org.apache.kylin.query.QueryConnectionTest#testGetConnection,0,GOOD, 
280,https://github.com/apache/kylin,63f9ac6bcd0db005f10935d88747d39fc0819ab7,kylin.resourcestore.reconnect-max-ms,org.apache.kylin.query.QueryConnectionTest#testGetConnection,0.1,GOOD, 
281,https://github.com/apache/kylin,63f9ac6bcd0db005f10935d88747d39fc0819ab7,kylin.resourcestore.reconnect-max-ms,org.apache.kylin.query.QueryConnectionTest#testGetConnection,60000,GOOD, 
282,https://github.com/apache/kylin,63f9ac6bcd0db005f10935d88747d39fc0819ab7,kylin.resourcestore.reconnect-max-ms,org.apache.kylin.query.util.QueryUtilTest#testForceLimit,-300,BAD, 
283,https://github.com/apache/kylin,63f9ac6bcd0db005f10935d88747d39fc0819ab7,kylin.resourcestore.reconnect-max-ms,org.apache.kylin.query.util.QueryUtilTest#testForceLimit,600000,GOOD, 
284,https://github.com/apache/kylin,63f9ac6bcd0db005f10935d88747d39fc0819ab7,kylin.resourcestore.reconnect-max-ms,org.apache.kylin.query.util.QueryUtilTest#testForceLimit,some-value,BAD, 
285,https://github.com/apache/kylin,63f9ac6bcd0db005f10935d88747d39fc0819ab7,kylin.resourcestore.reconnect-max-ms,org.apache.kylin.query.util.QueryUtilTest#testForceLimit,100,GOOD, 
286,https://github.com/apache/kylin,63f9ac6bcd0db005f10935d88747d39fc0819ab7,kylin.resourcestore.reconnect-max-ms,org.apache.kylin.query.util.QueryUtilTest#testForceLimit,0,GOOD, 
287,https://github.com/apache/kylin,63f9ac6bcd0db005f10935d88747d39fc0819ab7,kylin.resourcestore.reconnect-max-ms,org.apache.kylin.query.util.QueryUtilTest#testForceLimit,0.1,GOOD, 
288,https://github.com/apache/kylin,63f9ac6bcd0db005f10935d88747d39fc0819ab7,kylin.resourcestore.reconnect-max-ms,org.apache.kylin.query.util.QueryUtilTest#testForceLimit,60000,GOOD, 
289,https://github.com/apache/kylin,63f9ac6bcd0db005f10935d88747d39fc0819ab7,kylin.server.cluster-servers,org.apache.kylin.query.routing.RealizationCheckTest#testRealizationCheck,obviously-bad-value,BAD, 
290,https://github.com/apache/kylin,63f9ac6bcd0db005f10935d88747d39fc0819ab7,kylin.server.cluster-servers,org.apache.kylin.query.routing.RealizationCheckTest#testRealizationCheck,,GOOD, 
291,https://github.com/apache/kylin,63f9ac6bcd0db005f10935d88747d39fc0819ab7,kylin.server.cluster-servers,org.apache.kylin.query.util.QueryUtilTest#testMassageSql,obviously-bad-value,BAD, 
292,https://github.com/apache/kylin,63f9ac6bcd0db005f10935d88747d39fc0819ab7,kylin.server.cluster-servers,org.apache.kylin.query.util.QueryUtilTest#testMassageSql,,GOOD, 
293,https://github.com/apache/kylin,63f9ac6bcd0db005f10935d88747d39fc0819ab7,kylin.server.cluster-servers,org.apache.kylin.query.util.QueryUtilTest#testKeywordDefaultDirtyHack,obviously-bad-value,BAD, 
294,https://github.com/apache/kylin,63f9ac6bcd0db005f10935d88747d39fc0819ab7,kylin.server.cluster-servers,org.apache.kylin.query.util.QueryUtilTest#testKeywordDefaultDirtyHack,,GOOD, 
295,https://github.com/apache/kylin,63f9ac6bcd0db005f10935d88747d39fc0819ab7,kylin.server.cluster-servers,org.apache.kylin.query.util.QueryUtilTest#testLimitAndOffset,obviously-bad-value,BAD, 
296,https://github.com/apache/kylin,63f9ac6bcd0db005f10935d88747d39fc0819ab7,kylin.server.cluster-servers,org.apache.kylin.query.util.QueryUtilTest#testLimitAndOffset,,GOOD, 
297,https://github.com/apache/kylin,63f9ac6bcd0db005f10935d88747d39fc0819ab7,kylin.server.cluster-servers,org.apache.kylin.query.QueryConnectionTest#testGetConnection,obviously-bad-value,BAD, 
298,https://github.com/apache/kylin,63f9ac6bcd0db005f10935d88747d39fc0819ab7,kylin.server.cluster-servers,org.apache.kylin.query.QueryConnectionTest#testGetConnection,,GOOD, 
299,https://github.com/apache/kylin,63f9ac6bcd0db005f10935d88747d39fc0819ab7,kylin.server.cluster-servers,org.apache.kylin.query.util.QueryUtilTest#testForceLimit,obviously-bad-value,BAD, 
300,https://github.com/apache/kylin,63f9ac6bcd0db005f10935d88747d39fc0819ab7,kylin.server.cluster-servers,org.apache.kylin.query.util.QueryUtilTest#testForceLimit,,GOOD, 
301,https://github.com/apache/kylin,63f9ac6bcd0db005f10935d88747d39fc0819ab7,kylin.metadata.data-model-impl,org.apache.kylin.query.routing.RealizationCheckTest#testRealizationCheck,obviously-bad-value,BAD, 
302,https://github.com/apache/kylin,63f9ac6bcd0db005f10935d88747d39fc0819ab7,kylin.metadata.data-model-impl,org.apache.kylin.query.routing.RealizationCheckTest#testRealizationCheck,null,GOOD, 
303,https://github.com/apache/kylin,63f9ac6bcd0db005f10935d88747d39fc0819ab7,kylin.metadata.data-model-impl,org.apache.kylin.query.QueryConnectionTest#testGetConnection,obviously-bad-value,BAD, 
304,https://github.com/apache/kylin,63f9ac6bcd0db005f10935d88747d39fc0819ab7,kylin.metadata.data-model-impl,org.apache.kylin.query.QueryConnectionTest#testGetConnection,null,GOOD, 
305,https://github.com/apache/kylin,63f9ac6bcd0db005f10935d88747d39fc0819ab7,kylin.source.hive.default-decimal-scale,org.apache.kylin.query.routing.RealizationCheckTest#testRealizationCheck,-300,BAD, 
306,https://github.com/apache/kylin,63f9ac6bcd0db005f10935d88747d39fc0819ab7,kylin.source.hive.default-decimal-scale,org.apache.kylin.query.routing.RealizationCheckTest#testRealizationCheck,4,GOOD, 
307,https://github.com/apache/kylin,63f9ac6bcd0db005f10935d88747d39fc0819ab7,kylin.source.hive.default-decimal-scale,org.apache.kylin.query.routing.RealizationCheckTest#testRealizationCheck,obviously-bad-value,BAD, 
308,https://github.com/apache/kylin,63f9ac6bcd0db005f10935d88747d39fc0819ab7,kylin.source.hive.default-decimal-scale,org.apache.kylin.query.routing.RealizationCheckTest#testRealizationCheck,600000,GOOD, 
309,https://github.com/apache/kylin,63f9ac6bcd0db005f10935d88747d39fc0819ab7,kylin.source.hive.default-decimal-scale,org.apache.kylin.query.routing.RealizationCheckTest#testRealizationCheck,decimal,GOOD, 
310,https://github.com/apache/kylin,63f9ac6bcd0db005f10935d88747d39fc0819ab7,kylin.source.hive.default-decimal-scale,org.apache.kylin.query.routing.RealizationCheckTest#testRealizationCheck,some-value,BAD, 
311,https://github.com/apache/kylin,63f9ac6bcd0db005f10935d88747d39fc0819ab7,kylin.source.hive.default-decimal-scale,org.apache.kylin.query.routing.RealizationCheckTest#testRealizationCheck,100,GOOD, 
312,https://github.com/apache/kylin,63f9ac6bcd0db005f10935d88747d39fc0819ab7,kylin.source.hive.default-decimal-scale,org.apache.kylin.query.routing.RealizationCheckTest#testRealizationCheck,0,GOOD, 
313,https://github.com/apache/kylin,63f9ac6bcd0db005f10935d88747d39fc0819ab7,kylin.source.hive.default-decimal-scale,org.apache.kylin.query.routing.RealizationCheckTest#testRealizationCheck,0.1,GOOD, 
314,https://github.com/apache/kylin,63f9ac6bcd0db005f10935d88747d39fc0819ab7,kylin.source.hive.default-decimal-scale,org.apache.kylin.query.QueryConnectionTest#testGetConnection,-300,BAD, 
315,https://github.com/apache/kylin,63f9ac6bcd0db005f10935d88747d39fc0819ab7,kylin.source.hive.default-decimal-scale,org.apache.kylin.query.QueryConnectionTest#testGetConnection,4,GOOD, 
316,https://github.com/apache/kylin,63f9ac6bcd0db005f10935d88747d39fc0819ab7,kylin.source.hive.default-decimal-scale,org.apache.kylin.query.QueryConnectionTest#testGetConnection,obviously-bad-value,BAD, 
317,https://github.com/apache/kylin,63f9ac6bcd0db005f10935d88747d39fc0819ab7,kylin.source.hive.default-decimal-scale,org.apache.kylin.query.QueryConnectionTest#testGetConnection,600000,GOOD, 
318,https://github.com/apache/kylin,63f9ac6bcd0db005f10935d88747d39fc0819ab7,kylin.source.hive.default-decimal-scale,org.apache.kylin.query.QueryConnectionTest#testGetConnection,decimal,GOOD, 
319,https://github.com/apache/kylin,63f9ac6bcd0db005f10935d88747d39fc0819ab7,kylin.source.hive.default-decimal-scale,org.apache.kylin.query.QueryConnectionTest#testGetConnection,some-value,BAD, 
320,https://github.com/apache/kylin,63f9ac6bcd0db005f10935d88747d39fc0819ab7,kylin.source.hive.default-decimal-scale,org.apache.kylin.query.QueryConnectionTest#testGetConnection,100,GOOD, 
321,https://github.com/apache/kylin,63f9ac6bcd0db005f10935d88747d39fc0819ab7,kylin.source.hive.default-decimal-scale,org.apache.kylin.query.QueryConnectionTest#testGetConnection,0,GOOD, 
322,https://github.com/apache/kylin,63f9ac6bcd0db005f10935d88747d39fc0819ab7,kylin.source.hive.default-decimal-scale,org.apache.kylin.query.QueryConnectionTest#testGetConnection,0.1,GOOD, 
323,https://github.com/apache/kylin,63f9ac6bcd0db005f10935d88747d39fc0819ab7,kylin.stream.event.timezone,org.apache.kylin.query.relnode.visitor.TupleFilterVisitorTest#testMergeToInClause2,obviously-bad-value,BAD, 
324,https://github.com/apache/kylin,63f9ac6bcd0db005f10935d88747d39fc0819ab7,kylin.stream.event.timezone,org.apache.kylin.query.relnode.visitor.TupleFilterVisitorTest#testMergeToInClause2,,GOOD, 
325,https://github.com/apache/kylin,63f9ac6bcd0db005f10935d88747d39fc0819ab7,kylin.stream.event.timezone,org.apache.kylin.query.relnode.visitor.TupleFilterVisitorTest#testMergeToInClause2,DAY_START,GOOD, 
326,https://github.com/apache/kylin,63f9ac6bcd0db005f10935d88747d39fc0819ab7,kylin.stream.event.timezone,org.apache.kylin.query.relnode.visitor.TupleFilterVisitorTest#testMergeToInClause2,HOUR_START,GOOD, 
327,https://github.com/apache/kylin,63f9ac6bcd0db005f10935d88747d39fc0819ab7,kylin.stream.event.timezone,org.apache.kylin.query.relnode.visitor.TupleFilterVisitorTest#testMergeToInClause1,obviously-bad-value,BAD, 
328,https://github.com/apache/kylin,63f9ac6bcd0db005f10935d88747d39fc0819ab7,kylin.stream.event.timezone,org.apache.kylin.query.relnode.visitor.TupleFilterVisitorTest#testMergeToInClause1,,GOOD, 
329,https://github.com/apache/kylin,63f9ac6bcd0db005f10935d88747d39fc0819ab7,kylin.stream.event.timezone,org.apache.kylin.query.relnode.visitor.TupleFilterVisitorTest#testMergeToInClause1,DAY_START,GOOD, 
330,https://github.com/apache/kylin,63f9ac6bcd0db005f10935d88747d39fc0819ab7,kylin.stream.event.timezone,org.apache.kylin.query.relnode.visitor.TupleFilterVisitorTest#testMergeToInClause1,HOUR_START,GOOD, 
331,https://github.com/apache/kylin,63f9ac6bcd0db005f10935d88747d39fc0819ab7,kylin.query.transformers,org.apache.kylin.query.util.QueryUtilTest#testMassageSql,obviously-bad-value,BAD, 
332,https://github.com/apache/kylin,63f9ac6bcd0db005f10935d88747d39fc0819ab7,kylin.query.transformers,org.apache.kylin.query.util.QueryUtilTest#testMassageSql,"org.apache.kylin.query.util.DefaultQueryTransformer,org.apache.kylin.query.util.KeywordDefaultDirtyHack",GOOD, 
333,https://github.com/apache/kylin,63f9ac6bcd0db005f10935d88747d39fc0819ab7,kylin.query.transformers,org.apache.kylin.query.util.QueryUtilTest#testKeywordDefaultDirtyHack,obviously-bad-value,BAD, 
334,https://github.com/apache/kylin,63f9ac6bcd0db005f10935d88747d39fc0819ab7,kylin.query.transformers,org.apache.kylin.query.util.QueryUtilTest#testKeywordDefaultDirtyHack,"org.apache.kylin.query.util.DefaultQueryTransformer,org.apache.kylin.query.util.KeywordDefaultDirtyHack",GOOD, 
335,https://github.com/apache/kylin,63f9ac6bcd0db005f10935d88747d39fc0819ab7,kylin.query.transformers,org.apache.kylin.query.util.QueryUtilTest#testLimitAndOffset,obviously-bad-value,BAD, 
336,https://github.com/apache/kylin,63f9ac6bcd0db005f10935d88747d39fc0819ab7,kylin.query.transformers,org.apache.kylin.query.util.QueryUtilTest#testLimitAndOffset,"org.apache.kylin.query.util.DefaultQueryTransformer,org.apache.kylin.query.util.KeywordDefaultDirtyHack",GOOD, 
337,https://github.com/apache/kylin,63f9ac6bcd0db005f10935d88747d39fc0819ab7,kylin.query.transformers,org.apache.kylin.query.util.QueryUtilTest#testForceLimit,obviously-bad-value,BAD, 
338,https://github.com/apache/kylin,63f9ac6bcd0db005f10935d88747d39fc0819ab7,kylin.query.transformers,org.apache.kylin.query.util.QueryUtilTest#testForceLimit,"org.apache.kylin.query.util.DefaultQueryTransformer,org.apache.kylin.query.util.KeywordDefaultDirtyHack",GOOD, 
339,https://github.com/apache/kylin,63f9ac6bcd0db005f10935d88747d39fc0819ab7,kylin.query.escape-default-keyword,org.apache.kylin.query.util.QueryUtilTest#testMassageSql,false,GOOD, 
340,https://github.com/apache/kylin,63f9ac6bcd0db005f10935d88747d39fc0819ab7,kylin.query.escape-default-keyword,org.apache.kylin.query.util.QueryUtilTest#testMassageSql,true,GOOD, 
341,https://github.com/apache/kylin,63f9ac6bcd0db005f10935d88747d39fc0819ab7,kylin.query.escape-default-keyword,org.apache.kylin.query.util.QueryUtilTest#testLimitAndOffset,false,GOOD, 
342,https://github.com/apache/kylin,63f9ac6bcd0db005f10935d88747d39fc0819ab7,kylin.query.escape-default-keyword,org.apache.kylin.query.util.QueryUtilTest#testLimitAndOffset,true,GOOD, 
343,https://github.com/apache/kylin,63f9ac6bcd0db005f10935d88747d39fc0819ab7,kylin.query.escape-default-keyword,org.apache.kylin.query.util.QueryUtilTest#testForceLimit,false,GOOD, 
344,https://github.com/apache/kylin,63f9ac6bcd0db005f10935d88747d39fc0819ab7,kylin.query.escape-default-keyword,org.apache.kylin.query.util.QueryUtilTest#testForceLimit,true,GOOD, 
345,https://github.com/apache/kylin,63f9ac6bcd0db005f10935d88747d39fc0819ab7,kylin.query.force-limit,org.apache.kylin.query.util.QueryUtilTest#testMassageSql,obviously-bad-value,BAD, 
346,https://github.com/apache/kylin,63f9ac6bcd0db005f10935d88747d39fc0819ab7,kylin.query.force-limit,org.apache.kylin.query.util.QueryUtilTest#testMassageSql,-1,GOOD, 
347,https://github.com/apache/kylin,63f9ac6bcd0db005f10935d88747d39fc0819ab7,kylin.query.force-limit,org.apache.kylin.query.util.QueryUtilTest#testKeywordDefaultDirtyHack,obviously-bad-value,BAD, 
348,https://github.com/apache/kylin,63f9ac6bcd0db005f10935d88747d39fc0819ab7,kylin.query.force-limit,org.apache.kylin.query.util.QueryUtilTest#testKeywordDefaultDirtyHack,-1,GOOD, 
349,https://github.com/apache/kylin,63f9ac6bcd0db005f10935d88747d39fc0819ab7,kylin.query.force-limit,org.apache.kylin.query.util.QueryUtilTest#testLimitAndOffset,obviously-bad-value,BAD, 
350,https://github.com/apache/kylin,63f9ac6bcd0db005f10935d88747d39fc0819ab7,kylin.query.force-limit,org.apache.kylin.query.util.QueryUtilTest#testLimitAndOffset,-1,GOOD, 
351,https://github.com/apache/kylin,63f9ac6bcd0db005f10935d88747d39fc0819ab7,kylin.query.pushdown.enabled,org.apache.kylin.query.QueryConnectionTest#testGetConnection,false,GOOD, 
352,https://github.com/apache/kylin,63f9ac6bcd0db005f10935d88747d39fc0819ab7,kylin.query.pushdown.enabled,org.apache.kylin.query.QueryConnectionTest#testGetConnection,true,GOOD, 
353,https://github.com/apache/kylin,63f9ac6bcd0db005f10935d88747d39fc0819ab7,kylin.query.pushdown.runner-class-name,org.apache.kylin.query.QueryConnectionTest#testGetConnection,obviously-bad-value,BAD, 
354,https://github.com/apache/kylin,63f9ac6bcd0db005f10935d88747d39fc0819ab7,kylin.query.pushdown.runner-class-name,org.apache.kylin.query.QueryConnectionTest#testGetConnection,,GOOD, 
355,https://github.com/apache/kylin,63f9ac6bcd0db005f10935d88747d39fc0819ab7,kylin.query.pushdown.runner-class-name,org.apache.kylin.query.QueryConnectionTest#testGetConnection,org.apache.kylin.query.adhoc.PushDownRunnerJdbcImpl,GOOD, 
356,https://github.com/apache/kylin,63f9ac6bcd0db005f10935d88747d39fc0819ab7,kylin.storage.url,org.apache.kylin.query.QueryConnectionTest#testGetConnection,obviously-bad-value,BAD, 
357,https://github.com/apache/kylin,63f9ac6bcd0db005f10935d88747d39fc0819ab7,kylin.storage.url,org.apache.kylin.query.QueryConnectionTest#testGetConnection,hbase,GOOD, 
358,https://github.com/apache/kylin,63f9ac6bcd0db005f10935d88747d39fc0819ab7,kylin.query.calcite.extras-props.conformance,org.apache.kylin.query.QueryConnectionTest#testGetConnection,obviously-bad-value,BAD, 
359,https://github.com/apache/kylin,63f9ac6bcd0db005f10935d88747d39fc0819ab7,kylin.query.calcite.extras-props.conformance,org.apache.kylin.query.QueryConnectionTest#testGetConnection,,GOOD, 
360,https://github.com/apache/kylin,63f9ac6bcd0db005f10935d88747d39fc0819ab7,kylin.query.calcite.extras-props.conformance,org.apache.kylin.query.QueryConnectionTest#testGetConnection,LENIENT,GOOD, 
361,https://github.com/apache/kylin,63f9ac6bcd0db005f10935d88747d39fc0819ab7,kylin.query.schema-factory,org.apache.kylin.query.QueryConnectionTest#testGetConnection,obviously-bad-value,BAD, 
362,https://github.com/apache/kylin,63f9ac6bcd0db005f10935d88747d39fc0819ab7,kylin.query.schema-factory,org.apache.kylin.query.QueryConnectionTest#testGetConnection,org.apache.kylin.query.schema.OLAPSchemaFactory,GOOD, 
363,https://github.com/apache/kylin,63f9ac6bcd0db005f10935d88747d39fc0819ab7,kylin.source.hive.connection-user,org.apache.kylin.query.QueryConnectionTest#testGetConnection,obviously-bad-value,BAD, 
364,https://github.com/apache/kylin,63f9ac6bcd0db005f10935d88747d39fc0819ab7,kylin.source.hive.connection-user,org.apache.kylin.query.QueryConnectionTest#testGetConnection,,GOOD, 
365,https://github.com/apache/kylin,63f9ac6bcd0db005f10935d88747d39fc0819ab7,kylin.metadata.realization-providers,org.apache.kylin.query.QueryConnectionTest#testGetConnection,obviously-bad-value,BAD, 
366,https://github.com/apache/kylin,63f9ac6bcd0db005f10935d88747d39fc0819ab7,kylin.metadata.realization-providers,org.apache.kylin.query.QueryConnectionTest#testGetConnection,null,GOOD, 
367,https://github.com/apache/kylin,63f9ac6bcd0db005f10935d88747d39fc0819ab7,kylin.source.hive.connection-url,org.apache.kylin.query.QueryConnectionTest#testGetConnection,obviously-bad-value,BAD, 
368,https://github.com/apache/kylin,63f9ac6bcd0db005f10935d88747d39fc0819ab7,kylin.source.hive.connection-url,org.apache.kylin.query.QueryConnectionTest#testGetConnection,,GOOD, 
369,https://github.com/apache/kylin,63f9ac6bcd0db005f10935d88747d39fc0819ab7,kylin.source.hive.connection-password,org.apache.kylin.query.QueryConnectionTest#testGetConnection,obviously-bad-value,BAD, 
370,https://github.com/apache/kylin,63f9ac6bcd0db005f10935d88747d39fc0819ab7,kylin.source.hive.connection-password,org.apache.kylin.query.QueryConnectionTest#testGetConnection,,GOOD, 
371,https://github.com/apache/kylin,63f9ac6bcd0db005f10935d88747d39fc0819ab7,kylin.query.calcite.extras-props.quoting,org.apache.kylin.query.QueryConnectionTest#testGetConnection,DOUBLE_QUOTE,GOOD, 
372,https://github.com/apache/kylin,63f9ac6bcd0db005f10935d88747d39fc0819ab7,kylin.query.calcite.extras-props.quoting,org.apache.kylin.query.QueryConnectionTest#testGetConnection,obviously-bad-value,BAD, 
373,https://github.com/apache/kylin,63f9ac6bcd0db005f10935d88747d39fc0819ab7,kylin.query.calcite.extras-props.quoting,org.apache.kylin.query.QueryConnectionTest#testGetConnection,,GOOD, 
374,https://github.com/apache/kylin,63f9ac6bcd0db005f10935d88747d39fc0819ab7,kylin.query.calcite.extras-props.quoting,org.apache.kylin.query.QueryConnectionTest#testGetConnection,BRACKET,GOOD, 
375,https://github.com/apache/kylin,63f9ac6bcd0db005f10935d88747d39fc0819ab7,kylin.query.calcite.extras-props.quoting,org.apache.kylin.query.QueryConnectionTest#testGetConnection,BACK_TICK,GOOD, 
376,https://github.com/apache/kylin,63f9ac6bcd0db005f10935d88747d39fc0819ab7,kylin.query.calcite.extras-props.caseSensitive,org.apache.kylin.query.QueryConnectionTest#testGetConnection,obviously-bad-value,BAD, 
377,https://github.com/apache/kylin,63f9ac6bcd0db005f10935d88747d39fc0819ab7,kylin.query.calcite.extras-props.caseSensitive,org.apache.kylin.query.QueryConnectionTest#testGetConnection,,GOOD, 
378,https://github.com/apache/kylin,63f9ac6bcd0db005f10935d88747d39fc0819ab7,kylin.query.calcite.extras-props.caseSensitive,org.apache.kylin.query.QueryConnectionTest#testGetConnection,TRUE,GOOD, 
379,https://github.com/apache/kylin,63f9ac6bcd0db005f10935d88747d39fc0819ab7,kylin.query.calcite.extras-props.unquotedCasing,org.apache.kylin.query.QueryConnectionTest#testGetConnection,obviously-bad-value,BAD, 
380,https://github.com/apache/kylin,63f9ac6bcd0db005f10935d88747d39fc0819ab7,kylin.query.calcite.extras-props.unquotedCasing,org.apache.kylin.query.QueryConnectionTest#testGetConnection,TO_LOWER,GOOD, 
381,https://github.com/apache/kylin,63f9ac6bcd0db005f10935d88747d39fc0819ab7,kylin.query.calcite.extras-props.unquotedCasing,org.apache.kylin.query.QueryConnectionTest#testGetConnection,,GOOD, 
382,https://github.com/apache/kylin,63f9ac6bcd0db005f10935d88747d39fc0819ab7,kylin.query.calcite.extras-props.unquotedCasing,org.apache.kylin.query.QueryConnectionTest#testGetConnection,TO_UPPER,GOOD, 
383,https://github.com/apache/kylin,63f9ac6bcd0db005f10935d88747d39fc0819ab7,kylin.query.calcite.extras-props.unquotedCasing,org.apache.kylin.query.QueryConnectionTest#testGetConnection,UNCHANGED,GOOD, 
384,https://github.com/apache/kylin,63f9ac6bcd0db005f10935d88747d39fc0819ab7,kylin.query.max-dimension-count-distinct,org.apache.kylin.query.aggregate.DimCountDistinctAggFuncTest#testBasic,-300,BAD, 
385,https://github.com/apache/kylin,63f9ac6bcd0db005f10935d88747d39fc0819ab7,kylin.query.max-dimension-count-distinct,org.apache.kylin.query.aggregate.DimCountDistinctAggFuncTest#testBasic,600000,GOOD, 
386,https://github.com/apache/kylin,63f9ac6bcd0db005f10935d88747d39fc0819ab7,kylin.query.max-dimension-count-distinct,org.apache.kylin.query.aggregate.DimCountDistinctAggFuncTest#testBasic,100,GOOD, 
387,https://github.com/apache/kylin,63f9ac6bcd0db005f10935d88747d39fc0819ab7,kylin.query.max-dimension-count-distinct,org.apache.kylin.query.aggregate.DimCountDistinctAggFuncTest#testBasic,some-value,BAD, 
388,https://github.com/apache/kylin,63f9ac6bcd0db005f10935d88747d39fc0819ab7,kylin.query.max-dimension-count-distinct,org.apache.kylin.query.aggregate.DimCountDistinctAggFuncTest#testBasic,100,GOOD, 
389,https://github.com/apache/kylin,63f9ac6bcd0db005f10935d88747d39fc0819ab7,kylin.query.max-dimension-count-distinct,org.apache.kylin.query.aggregate.DimCountDistinctAggFuncTest#testBasic,0,GOOD, 
390,https://github.com/apache/kylin,63f9ac6bcd0db005f10935d88747d39fc0819ab7,kylin.query.max-dimension-count-distinct,org.apache.kylin.query.aggregate.DimCountDistinctAggFuncTest#testBasic,0.1,GOOD, 
391,https://github.com/apache/kylin,63f9ac6bcd0db005f10935d88747d39fc0819ab7,kylin.query.max-dimension-count-distinct,org.apache.kylin.query.aggregate.DimCountDistinctAggFuncTest#testBasic,5000000,GOOD, 
392,https://github.com/apache/kylin,63f9ac6bcd0db005f10935d88747d39fc0819ab7,kylin.query.max-dimension-count-distinct,org.apache.kylin.query.aggregate.DimCountDistinctAggFuncTest#testThreshold,-300,BAD, 
393,https://github.com/apache/kylin,63f9ac6bcd0db005f10935d88747d39fc0819ab7,kylin.query.max-dimension-count-distinct,org.apache.kylin.query.aggregate.DimCountDistinctAggFuncTest#testThreshold,600000,GOOD, 
394,https://github.com/apache/kylin,63f9ac6bcd0db005f10935d88747d39fc0819ab7,kylin.query.max-dimension-count-distinct,org.apache.kylin.query.aggregate.DimCountDistinctAggFuncTest#testThreshold,100,GOOD, 
395,https://github.com/apache/kylin,63f9ac6bcd0db005f10935d88747d39fc0819ab7,kylin.query.max-dimension-count-distinct,org.apache.kylin.query.aggregate.DimCountDistinctAggFuncTest#testThreshold,some-value,BAD, 
396,https://github.com/apache/kylin,63f9ac6bcd0db005f10935d88747d39fc0819ab7,kylin.query.max-dimension-count-distinct,org.apache.kylin.query.aggregate.DimCountDistinctAggFuncTest#testThreshold,100,GOOD, 
397,https://github.com/apache/kylin,63f9ac6bcd0db005f10935d88747d39fc0819ab7,kylin.query.max-dimension-count-distinct,org.apache.kylin.query.aggregate.DimCountDistinctAggFuncTest#testThreshold,0,GOOD, 
398,https://github.com/apache/kylin,63f9ac6bcd0db005f10935d88747d39fc0819ab7,kylin.query.max-dimension-count-distinct,org.apache.kylin.query.aggregate.DimCountDistinctAggFuncTest#testThreshold,0.1,GOOD, 
399,https://github.com/apache/kylin,63f9ac6bcd0db005f10935d88747d39fc0819ab7,kylin.query.max-dimension-count-distinct,org.apache.kylin.query.aggregate.DimCountDistinctAggFuncTest#testThreshold,5000000,GOOD, 
